player_id,query_name,source_recruit_id,board_position_group,board_category,maxpreps_url,maxpreps_pass_gp,maxpreps_c,maxpreps_att,maxpreps_pass_yds,maxpreps_c_pct,maxpreps_pass_avg,maxpreps_pass_y_g,maxpreps_c_g,maxpreps_pass_td,maxpreps_td_g,maxpreps_int,maxpreps_pass_lng,maxpreps_qbr,maxpreps_rush_gp,maxpreps_car,maxpreps_rush_yds,maxpreps_rush_avg,maxpreps_rush_y_g,maxpreps_rush_lng,maxpreps_rush_100_plus,maxpreps_rush_td,maxpreps_rec_gp,maxpreps_rec,maxpreps_rec_yds,maxpreps_rec_avg,maxpreps_rec_y_g,maxpreps_rec_lng,maxpreps_rec_td,maxpreps_tackle_gp,maxpreps_solo,maxpreps_asst,maxpreps_total_tackles,maxpreps_t_g,maxpreps_tfl,maxpreps_sack_gp,maxpreps_sacks,maxpreps_ydl,maxpreps_s_g,maxpreps_hurs,maxpreps_gp,maxpreps_ints,maxpreps_pd
85052556,Kavian Bryant,84081373,QB,QB,https://www.maxpreps.com/tx/palestine/westwood-panthers/athletes/kavian-bryant/football/stats/?careerid=knf1dle4bl8h1,12,201,277,3407,.726,17.0,283.9,16.8,37,3.1,1,66,151.9,12,95,740,7.8,61.7,48,1,7,,,,,,,,,,,,,,,,,,,,,
85046743,Peyton Houston,58938760,QB,QB,https://www.maxpreps.com/la/shreveport/evangel-christian-academy-eagles/athletes/peyton-houston/football/stats/?careerid=ug8fa4eni6i99,12,231,350,3836,.660,16.6,319.7,19.3,42,3.5,9,92,131.6,12,92,942,10.2,78.5,80,4,12,,,,,,,,,,,,,,,,,,,,,
85052093,Brady Edmunds,64208588,QB,QB,https://www.maxpreps.com/ca/huntington-beach/huntington-beach-oilers/athletes/brady-edmunds/football/stats/?careerid=qupj49obafal5,11,196,288,2724,.681,13.9,247.6,17.8,32,2.9,2,70,132.4,11,54,147,2.7,13.4,22,0,4,,,,,,,,,,,,,,,,,,,,,
85063136,Ty Knutson,95136834,QB,QB,https://www.maxpreps.com/tx/spring-branch/smithson-valley-rangers/athletes/ty-knutson/football/stats/?careerid=30g836ijid8vf,4,42,74,593,.568,14.1,148.3,10.5,8,2.0,3,,101.9,4,10,2,0.2,0.5,,0,0,,,,,,,,,,,,,,,,,,,,,
85057258,Gunner Rivers,66186414,QB,QB,https://www.maxpreps.com/al/fairhope/st-michael-catholic-cardinals/athletes/gunner-rivers/football/stats/?careerid=b1h9tv06rm377,14,237,343,3176,.691,13.4,226.9,16.9,46,3.3,5,75,131.8,14,33,196,5.9,14.0,20,0,1,,,,,,,,,,,,,,,,,,,,,
85056227,Kael Snyder,84078906,QB,QB,https://www.maxpreps.com/az/gilbert/perry-pumas/athletes/kael-snyder/football/stats/?careerid=29ns18mn1uhi2,12,182,315,2720,.578,14.9,226.7,15.2,27,2.3,12,80,98.9,12,56,25,0.4,2.1,26,0,2,,,,,,,,,,,,,,,,,,,,,
85055286,Israel Abrams,77273563,QB,QB,https://www.maxpreps.com/il/lombard/montini-catholic-broncos/athletes/israel-abrams/football/stats/?careerid=pteu5j8g135ee,14,233,340,4072,.685,17.5,290.9,16.6,40,2.9,6,90,141.0,14,82,224,2.7,16.0,29,0,10,,,,,,,,,,,,,,,,,,,,,
85055908,Malachi Zeigler,77268500,QB,QB,https://www.maxpreps.com/la/benton/benton-tigers/athletes/malachi-zeigler/football/stats/?careerid=p185tuolvvvj3,10,172,300,2698,.573,15.7,269.8,17.2,23,2.3,8,80,101.8,10,75,489,6.5,48.9,31,0,7,,,,,,,,,,,,,,,,,,,,,
85063714,Will Mencl,100290417,QB,QB,https://www.maxpreps.com/az/chandler/chandler-wolves/athletes/will-mencl/football/stats/?careerid=4nj2129tcp2bb,13,258,367,3815,.703,14.8,293.5,19.8,33,2.5,5,69,128.3,13,118,741,6.3,57.0,70,2,17,,,,,,,,,,,,,,,,,,,,,
85056854,Jerry Meyer III,78136936,QB,QB,https://www.maxpreps.com/tx/waxahachie/waxahachie-indians/athletes/jerry-meyer-iii/football/stats/?careerid=3b5o5uca4bsbb,13,207,327,2754,.633,13.3,211.8,15.9,33,2.5,7,79,114.6,13,25,-17,-0.7,-1.3,8,0,0,,,,,,,,,,,,,,,,,,,,,
85053312,Carson White,73224117,QB,QB,https://www.maxpreps.com/tx/iowa-colony/iowa-colony-pioneers/athletes/carson-white/football/stats/?careerid=9a1n4vv43km99,12,114,181,1963,.630,17.2,163.6,9.5,32,2.7,6,95,125.5,12,115,678,5.9,56.5,35,2,15,,,,,,,,,,,,,,,,,,,,,
85057259,Sladen Shack,59604172,QB,QB,https://www.maxpreps.com/ms/brandon/brandon-bulldogs/athletes/sladen-shack/football/stats/?careerid=dmuhg9c834k88,13,193,299,2586,.645,13.4,198.9,14.8,24,1.8,6,74,110.3,13,20,51,2.6,3.9,,0,,,,,,,,,,,,,,,,,,,,,,
85051910,Peter Bourque,77267793,QB,QB,https://www.maxpreps.com/ma/marion/tabor-academy-seawolves/athletes/peter-bourque/football/stats/?careerid=o9hesfo6slhk4,2,17,29,276,.586,16.2,138.0,8.5,1,0.5,1,37,87.7,2,14,87,6.2,43.5,15,0,,,,,,,,,,,,,,,,,,,,,,
85054724,Luke Babin,84080379,QB,QB,https://www.maxpreps.com/tx/woodville/woodville-eagles/athletes/luke-babin/football/stats/?careerid=andiau6oi9fh1,12,179,284,3063,.630,17.1,255.3,14.9,40,3.3,5,85,131.8,12,76,562,7.4,46.8,73,1,7,,,,,,,,,,,,,,,,,,,,,
85046341,Trent Seaborn,52055080,QB,QB,https://www.maxpreps.com/al/alabaster/thompson-warriors/athletes/trent-seaborn/football/stats/?careerid=ie4kvu21178td,14,264,369,3692,.715,14.0,263.7,18.9,35,2.5,7,61,127.1,14,49,108,2.2,7.7,15,0,5,,,,,,,,,,,,,,,,,,,,,
85057498,Davin Davidson,84078369,QB,QB,https://www.maxpreps.com/fl/sarasota/cardinal-mooney-cougars/athletes/davin-davidson/football/stats/?careerid=cisa43blt0mm6,15,137,212,2360,.646,17.2,157.3,9.1,23,1.5,6,79,126.7,15,18,81,4.5,5.4,27,0,3,,,,,,,,,,,,,,,,,,,,,
85054282,SaRod Baker,77598543,RB,RB IS,https://www.maxpreps.com/tx/desoto/desoto-fighting-eagles/athletes/sarod-baker/football/stats/?careerid=3onronb7r8d77,,,,,,,,,,,,,,15,321,3081,9.6,205.4,99,14,41,15,18,242,13.4,16.1,56,2,,,,,,,,,,,,,,
85050650,Lathan Whisenton,77269155,RB,RB IS,https://www.maxpreps.com/tx/waco/midway-panthers/athletes/lathan-whisenton/football/stats/?careerid=ehajmqv2nqrl5,,,,,,,,,,,,,,11,165,1502,9.1,136.5,93,8,24,11,10,102,10.2,9.3,17,0,,,,,,,,,,,,,,
85052280,CaDarius McMiller,77267342,RB,RB IS,https://www.maxpreps.com/tx/tyler/john-tyler-lions/athletes/cadarius-mcmiller/football/stats/?careerid=lb8e3aed458aa,,,,,,,,,,,,,,11,108,939,8.7,85.4,20,3,17,11,11,186,16.9,16.9,,3,,,,,,,,,,,,,,
85057095,Jayshon Gibson,84078722,RB,RB IS,https://www.maxpreps.com/tx/north-richland-hills/richland-royals/athletes/jayshon-gibson/football/stats/?careerid=3j5q0n0fgb988,,,,,,,,,,,,,,13,233,2263,9.7,174.1,89,10,41,13,19,387,20.4,29.8,67,5,,,,,,,,,,,,,,
85077783,Brennen Lacey,114364881,RB,RB IS,https://www.maxpreps.com/tx/frisco/frisco-raccoons/athletes/brennen-lacey/football/stats/?careerid=a11isav9iccj3,,,,,,,,,,,,,,9,59,537,9.1,59.7,80,2,8,9,10,160,16.0,17.8,35,2,,,,,,,,,,,,,,
85067126,Javian Jones-Priest,100835773,RB,RB IS,https://www.maxpreps.com/tx/arlington/martin-warriors/athletes/javian-jones-priest/football/stats/?careerid=trsd7jillk599,,,,,,,,,,,,,,10,144,1154,8.0,115.4,75,7,12,10,7,37,5.3,3.7,25,,,,,,,,,,,,,,,
85073529,Keldrid Ben,109128047,RB,RB IS,https://www.maxpreps.com/tx/montgomery/montgomery-bears/athletes/keldrid-ben/football/stats/?careerid=en2muvq40i6ff,,,,,,,,,,,,,,11,152,1560,10.3,141.8,84,6,15,11,16,299,18.7,27.2,79,3,,,,,,,,,,,,,,
85053307,Wayne Shanks Jr.,77273294,RB,RB IS,https://www.maxpreps.com/tx/houston/kinkaid-falcons/athletes/wayne-shanks-jr/football/stats/?careerid=gebrd3l8d2a55,,,,,,,,,,,,,,11,242,1787,7.4,162.5,70,8,24,11,26,352,13.5,32.0,50,6,,,,,,,,,,,,,,
85059567,David Gabriel Georges,90967354,RB,RB OOS,https://www.maxpreps.com/tn/chattanooga/baylor-red-raiders/athletes/david-gabriel-georges/football/stats/?careerid=f1pq8r13egsff,,,,,,,,,,,,,,1,31,417,13.5,417.0,,1,7,1,3,43,14.3,43.0,,0,,,,,,,,,,,,,,
85059493,Noah Roberts,77268459,RB,RB OOS,https://www.maxpreps.com/az/chandler/basha-bears/athletes/noah-roberts/football/stats/?careerid=1num8tnfescqa,,,,,,,,,,,,,,13,116,761,6.6,58.5,25,1,8,13,50,562,11.2,43.2,50,6,,,,,,,,,,,,,,
85051267,Tyson Robinson,77269619,RB,RB OOS,https://www.maxpreps.com/ms/brandon/brandon-bulldogs/athletes/tyson-robinson/football/stats/?careerid=mmd439671uv99,,,,,,,,,,,,,,4,11,67,6.1,16.8,,0,,4,1,4,4.0,1.0,,0,,,,,,,,,,,,,,
85057149,Caden Waye,98879458,RB,RB OOS,https://www.maxpreps.com/ga/mcdonough/ola-mustangs/athletes/caden-waye/football/stats/?careerid=v0i55f9jmbd88,,,,,,,,,,,,,,9,150,838,5.6,93.1,54,3,15,9,15,304,20.3,33.8,53,2,,,,,,,,,,,,,,
85049358,Brayden Tyson,68306364,RB,RB OOS,https://www.maxpreps.com/ga/snellville/brookwood-broncos/athletes/brayden-tyson/football/stats/?careerid=8kd7i6ip0gt11,,,,,,,,,,,,,,11,163,1292,7.9,117.5,97,7,16,11,13,201,15.5,18.3,22,1,,,,,,,,,,,,,,
85051371,Myson Johnson-Cook,68532101,RB,RB OOS,https://www.maxpreps.com/il/east-st-louis/east-st-louis-flyers/athletes/myson-cook-johnson/football/stats/?careerid=g0cc9akgrr5k4,,,,,,,,,,,,,,12,126,1341,10.6,111.8,70,6,20,12,3,45,15.0,3.8,20,0,,,,,,,,,,,,,,
85051912,Tranard Roberts,77271594,RB,RB OOS,https://www.maxpreps.com/fl/the-villages/the-villages-charter-buffalo/athletes/tranard-roberts/football/stats/?careerid=fnk1uv8t1asi2,,,,,,,,,,,,,,6,33,370,11.2,61.7,80,2,3,6,2,27,13.5,4.5,26,1,,,,,,,,,,,,,,
85057211,Amir Brown,87534490,RB,RB OOS,https://www.maxpreps.com/nc/rolesville/rolesville-rams/athletes/amir-brown/football/stats/?careerid=ns6o8629i4hrb,,,,,,,,,,,,,,13,189,1374,7.3,105.7,33,6,22,13,13,106,8.2,8.2,,1,,,,,,,,,,,,,,
85057150,Nigel Newkirk,84080077,RB,RB OOS,https://www.maxpreps.com/ga/gainesville/gainesville-red-elephants/athletes/nigel-newkirk/football/stats/?careerid=p377cnd7v8sue,,,,,,,,,,,,,,14,184,1496,8.1,106.9,,9,19,14,12,128,10.7,9.1,,1,,,,,,,,,,,,,,
85050327,Andrew Beard,83092871,RB,RB OOS,https://www.maxpreps.com/ga/athens/prince-avenue-christian-wolverines/athletes/andrew-beard-ll/football/stats/?careerid=k5g96braif311,,,,,,,,,,,,,,12,165,1292,7.8,107.7,77,6,13,12,31,450,14.5,37.5,63,5,,,,,,,,,,,,,,
85062515,Ismael Camara,98160110,OT,OT,https://www.maxpreps.com/tx/gilmer/gilmer-buckeyes/athletes/ismael-camara/football/stats/?careerid=iepf813ehlrl5,,,,,,,,,,,,,,,,,,,,,,,,,,,,,9,4,7,11,1.2,,9,,,,,,,
85055149,Jimmy Kalis,77271903,OT,OT,https://www.maxpreps.com/pa/pittsburgh/central-catholic-vikings/athletes/jimmy-kalis/football/stats/?careerid=cva3jjkpvo511,,,,,,,,,,,,,,,,,,,,,,,,,,,,,1,1,0,1,1.0,.0,,,,,,,,
85062519,Kennedy Brown,90804216,OT,OT,https://www.maxpreps.com/tx/kingwood/kingwood-mustangs/athletes/kennedy-brown/football/stats/?careerid=1p7hsc279k0h1,,,,,,,,,,,,,,,,,,,,,,,,,,,,,,,,,,,,,,,,,,
85055232,Jasper Ngokwere,80132428,OT,OT,https://www.maxpreps.com/tx/richardson/richardson-eagles/athletes/jasper-ngokwere/football/stats/?careerid=71mnc3ti74bbb,,,,,,,,,,,,,,,,,,,,,,,,,,,,,,,,,,,,,,,,,,
85052268,Caden Moss,77603017,OT,OT,https://www.maxpreps.com/ms/jackson/jackson-academy-raiders/athletes/caden-moss/football/stats/?careerid=7erda2jqep3l5,,,,,,,,,,,,,,,,,,,,,,,,,,,,,3,1,0,1,0.3,,,,,,,,,
85058631,Mark Matthews,77269413,OT,OT,https://www.maxpreps.com/fl/fort-lauderdale/st-thomas-aquinas-raiders/athletes/mark-matthews/football/stats/?careerid=cvpvchsj98m55,,,,,,,,,,,,,,,,,,,,,,,,,,,,,11,,2,2,0.2,,5,1.0,5,0.2,,,,
85063153,Hudson Whitenight,90795086,OT,OT,https://www.maxpreps.com/tx/dripping-springs/dripping-springs-tigers/athletes/hudson-whitenight/football/stats/?careerid=t8qr8qrjidap9,,,,,,,,,,,,,,,,,,,,,,,,,,,,,,,,,,,,,,,,,,
85057023,Lex Mailangi,84078333,OT,OT,https://www.maxpreps.com/ca/santa-ana/mater-dei-monarchs/athletes/lex-mailangi/football/stats/?careerid=5g11psf68jpj3,,,,,,,,,,,,,,,,,,,,,,,,,,,,,1,1,0,1,1.0,,,,,,,,,
85052255,Peyton Miller,76896071,OG,OG,https://www.maxpreps.com/tx/anna/anna-coyotes/athletes/peyton-miller/football/stats/?careerid=brp9lf3uulraa,,,,,,,,,,,,,,,,,,,,,,,,,,,,,2,2,,2,1.0,1.0,,,,,,,,
85053215,Lucas Rhoa,77267613,OG,OG,https://www.maxpreps.com/ca/orange/orange-lutheran-lancers/athletes/lucas-rhoa/football/stats/?careerid=5lolou4b0kak4,,,,,,,,,,,,,,,,,,,,,,,,,,,,,11,2,,2,0.2,,,,,,,,,
85053589,Lincoln Mageo,77268145,OG,OG,https://www.maxpreps.com/ca/oceanside/oceanside-pirates/athletes/lincoln-mageo/football/stats/?careerid=l54q8dh5hnovf,,,,,,,,,,,,,,,,,,,,,,,,,,,,,2,1,,1,0.5,1.0,,,,,,,,
85067233,Brock Williams,91979560,TE,TE - H,https://www.maxpreps.com/il/libertyville/libertyville-wildcats/athletes/brock-williams/football/stats/?careerid=343shnbjeq733,,,,,,,,,,,,,,10,6,6,1.0,0.6,8,0,0,10,44,596,13.5,59.6,61,11,,,,,,,,,,,,,,
85061894,Zac Fares,77268481,TE,TE - H,https://www.maxpreps.com/nv/las-vegas/arbor-view-aggies/athletes/zac-fares/football/stats/?careerid=097sv0bgnipk4,,,,,,,,,,,,,,12,1,1,1.0,0.1,1,0,1,12,38,541,14.2,45.1,37,7,,,,,,,,,,,,,,
85064073,Jaxon Dollar,96845737,TE,TE - H,https://www.maxpreps.com/nc/denver/east-lincoln-mustangs/athletes/jaxon-dollar/football/stats/?careerid=1nb9b8ijftn66,,,,,,,,,,,,,,12,1,2,2.0,0.2,2,0,1,12,54,1190,22.0,99.2,90,20,,,,,,,,,,,,,,
85064705,DeMarcus DeRoche,107239650,TE,TE - H,https://www.maxpreps.com/fl/fort-lauderdale/cardinal-gibbons-chiefs/athletes/demarcus-deroche/football/stats/?careerid=r93lbs5okgu00,,,,,,,,,,,,,,8,2,8,4.0,1.0,4,0,,9,12,126,10.5,14.0,25,7,,,,,,,,,,,,,,
85056867,Korz Loken,86077138,TE,TE - H,https://www.maxpreps.com/wi/iola/iola-scandinavia-thunderbirds/athletes/korz-loken/football/stats/?careerid=mukmkl9e7utee,,,,,,,,,,,,,,4,1,3,3.0,0.8,3,0,0,4,10,123,12.3,30.8,32,3,,,,,,,,,,,,,,
85053472,Jeramie Cooper,74287502,TE,TE - H,https://www.maxpreps.com/tx/fort-worth/north-crowley-panthers/athletes/jeramie-cooper/football/stats/?careerid=i42pq2g4eqcp9,,,,,,,,,,,,,,,,,,,,,,1,1,27,27.0,27.0,,0,,,,,,,,,,,,,,
85051827,Ahmad Hudson,65323007,TE,TE - Y,https://www.maxpreps.com/la/ruston/ruston-bearcats/athletes/ahmad-hudson/football/stats/?careerid=5j2127e3alkk4,,,,,,,,,,,,,,,,,,,,,,1,5,116,23.2,116.0,,1,,,,,,,,,,,,,,
85062255,Seneca Driver,77266355,TE,TE - Y,https://www.maxpreps.com/ky/danville/boyle-county-rebels/athletes/seneca-driver/football/stats/?careerid=6dnpgh6lh1p77,,,,,,,,,,,,,,2,11,48,4.4,24.0,,0,3,2,5,114,22.8,57.0,,3,,,,,,,,,,,,,,
85056885,Grant Haviland,77272409,TE,TE - Y,https://www.maxpreps.com/ga/milton/milton-eagles/athletes/grant-haviland/football/stats/?careerid=np5clfa01nim6,,,,,,,,,,,,,,,,,,,,,,11,24,343,14.3,31.2,55,4,,,,,,,,,,,,,,
85068530,Christian Hanshaw,101534058,TE,TE - Y,https://www.maxpreps.com/ut/american-fork/american-heritage-patriots/athletes/christian-hanshaw/football/stats/?careerid=p9bqo36fov9qa,,,,,,,,,,,,,,,,,,,,,,12,27,356,13.2,29.7,53,2,,,,,,,,,,,,,,
85055360,Holden Niemi,77267143,TE,TE - Y,https://www.maxpreps.com/mi/dexter/dexter-dreadnaughts/athletes/holden-niemi/football/stats/?careerid=lv4d9sbme2gm6,,,,,,,,,,,,,,,,,,,,,,1,1,9,9.0,9.0,,0,,,,,,,,,,,,,,
85055141,Cooper Terwilliger,77271107,TE,TE - Y,https://www.maxpreps.com/sd/pierre/pierre-tf-riggs-governors/athletes/cooper-terwilliger/football/stats/?careerid=lu2e9lg5csvff,,,,,,,,,,,,,,,,,,,,,,1,2,17,8.5,17.0,,0,,,,,,,,,,,,,,
85063503,Titus Hawk,96962965,TE,TE - Y,https://www.maxpreps.com/ok/choctaw/choctaw-yellowjackets/athletes/titus-hawk/football/stats/?careerid=np5vtscsj3g44,,,,,,,,,,,,,,10,1,0,0.0,0.0,,0,,10,20,365,18.3,36.5,,7,,,,,,,,,,,,,,
85070391,Joshua Pettigrew,98721745,TE,TE - Y,https://www.maxpreps.com/ga/warner-robins/houston-county-bears/athletes/joshua-pettigrew/football/stats/?careerid=vkvmcd8vih9ff,,,,,,,,,,,,,,,,,,,,,,8,11,109,9.9,13.6,25,2,,,,,,,,,,,,,,
85063521,Briceson Thrower Jr.,94718614,WR,WR (IS),https://www.maxpreps.com/tx/forney/north-forney-falcons/athletes/briceson-thrower-jr/football/stats/?careerid=macj3ds3iborb,,,,,,,,,,,,,,,,,,,,,,10,32,529,16.5,52.9,65,5,,,,,,,,,,,,,,
85059416,Jeremiah Douglas,77267085,WR,WR (IS),https://www.maxpreps.com/tx/crandall/crandall-pirates/athletes/jeremiah-douglas/football/stats/?careerid=9rsf3ru63grj3,,,,,,,,,,,,,,,,,,,,,,11,66,1032,15.6,93.8,52,11,,,,,,,,,,,,,,
85055912,Julian Caldwell,84079073,WR,WR (IS),https://www.maxpreps.com/tx/argyle/argyle-eagles/athletes/julian-caldwell/football/stats/?careerid=h9s0vujfbn099,,,,,,,,,,,,,,14,2,33,16.5,2.4,27,0,,14,94,1737,18.5,124.1,62,20,,,,,,,,,,,,,,
85066756,Benny Easter Jr.,84079665,WR,WR (IS),https://www.maxpreps.com/tx/houston/summer-creek-bulldogs/athletes/benny-easter-jr/football/stats/?careerid=d4n7vvnm23mdd,,,,,,,,,,,,,,,,,,,,,,14,89,1309,14.7,93.5,88,19,,,,,,,,,,,,,,
85059472,Alvin Mosley,98136655,WR,WR (IS),https://www.maxpreps.com/tx/rosharon/almeta-crawford-chargers/athletes/alvin-mosley/football/stats/?careerid=8ccftjj9ihp44,,,,,,,,,,,,,,13,21,190,9.0,14.6,53,0,7,13,67,1138,17.0,87.5,78,20,,,,,,,,,,,,,,
85059465,Julian Cromartie,84081380,WR,WR (IS),https://www.maxpreps.com/tx/the-woodlands/college-park-cavaliers/athletes/julian-cromartie/football/stats/?careerid=jue458amc1il5,,,,,,,,,,,,,,13,3,27,9.0,2.1,27,0,0,13,42,824,19.6,63.4,65,13,,,,,,,,,,,,,,
85050587,Aden Starling,73919345,WR,WR (IS),https://www.maxpreps.com/tx/pearland/shadow-creek-sharks/athletes/aden-starling/football/stats/?careerid=8cc4b0qg19crb,,,,,,,,,,,,,,,,,,,,,,11,31,405,13.1,36.8,53,7,,,,,,,,,,,,,,
85059412,Trey Haralson,77270681,WR,WR (IS),https://www.maxpreps.com/tx/tyler/john-tyler-lions/athletes/trey-haralson/football/stats/?careerid=6dm3li3kuuen7,,,,,,,,,,,,,,11,1,1,1.0,0.1,,0,0,11,60,952,15.9,86.5,62,12,,,,,,,,,,,,,,
85067127,Braylon Lane,106142611,WR,WR (IS),https://www.maxpreps.com/tx/houston/king-panthers/athletes/braylon-lane/football/stats/?careerid=d6ojnag5jg9cc,,,,,,,,,,,,,,,,,,,,,,11,24,282,11.8,25.6,41,4,,,,,,,,,,,,,,
85072654,Braylon Deal,92674922,WR,WR (IS),https://www.maxpreps.com/tx/garland/naaman-forest-rangers/athletes/braylon-deal/football/stats/?careerid=7hok5ugf93jj3,,,,,,,,,,,,,,11,48,265,5.5,24.1,,0,3,11,26,429,16.5,39.0,63,6,,,,,,,,,,,,,,
85057000,Easton Royal,95244814,WR,WR (OOS),https://www.maxpreps.com/la/new-orleans/brother-martin-crusaders/athletes/easton-royal/football/stats/?careerid=26jldrobds5ff,,,,,,,,,,,,,,1,1,6,6.0,6.0,,0,0,1,2,21,10.5,21.0,,0,,,,,,,,,,,,,,
85055072,Kesean Bowman,74253701,WR,WR (OOS),https://www.maxpreps.com/tn/brentwood/brentwood-academy-eagles/athletes/kesean-bowman/football/stats/?careerid=9fj8a64tp1cvf,,,,,,,,,,,,,,2,1,1,1.0,0.5,,0,1,2,8,78,9.8,39.0,,0,,,,,,,,,,,,,,
85059454,Jaden Upshaw,77268789,WR,WR (OOS),https://www.maxpreps.com/ga/leesburg/lee-county-trojans/athletes/jaden-upshaw/football/stats/?careerid=ofe157ocmgs55,,,,,,,,,,,,,,,,,,,,,,10,47,902,19.2,90.2,37,8,,,,,,,,,,,,,,
85051219,Julius Jones,77270076,WR,WR (OOS),https://www.maxpreps.com/fl/fort-lauderdale/st-thomas-aquinas-raiders/athletes/julius-jones-jr/football/stats/?careerid=9sv86vv9uh199,,,,,,,,,,,,,,,,,,,,,,13,51,750,14.7,57.7,60,8,,,,,,,,,,,,,,
85059422,Ah'Mari Stevens,77266474,WR,WR (OOS),https://www.maxpreps.com/fl/hollywood/chaminade-madonna-lions/athletes/ah%e2%80%99mari-stevens/football/stats/?careerid=c7fgoh11nlj44,,,,,,,,,,,,,,9,2,13,6.5,1.4,8,0,0,9,23,312,13.6,34.7,60,1,,,,,,,,,,,,,,
85050270,Zerek Sidney,94789729,WR,WR (OOS),https://www.maxpreps.com/az/goodyear/desert-edge-scorpions/athletes/zerek-sidney/football/stats/?careerid=is9qdljuco1k4,,,,,,,,,,,,,,,,,,,,,,4,11,111,10.1,27.8,,1,,,,,,,,,,,,,,
85055034,Miguel Whitley,77273869,WR,WR (OOS),https://www.maxpreps.com/la/new-orleans/st-augustine-purple-knights/athletes/miguel-whitley/football/stats/?careerid=q5p5dnttrtij3,,,,,,,,,,,,,,14,5,37,7.4,2.6,16,0,0,14,46,869,18.9,62.1,69,14,,,,,,,,,,,,,,
85054827,Osani Gayles,77269493,WR,WR (OOS),https://www.maxpreps.com/fl/bradenton/img-academy-none/athletes/osani-gayles/football/stats/?careerid=i8jbia83siptd,,,,,,,,,,,,,,9,5,70,14.0,7.8,,0,1,9,20,492,24.6,54.7,,5,,,,,,,,,,,,,,
85057037,Dontay Tyson Jr.,87500012,WR,WR (OOS),https://www.maxpreps.com/az/peoria/peoria-panthers/athletes/dontay-tyson-jr/football/stats/?careerid=6hg52ft6c9c88,,,,,,,,,,,,,,10,22,133,6.0,13.3,,0,,7,37,448,12.1,64.0,39,7,,,,,,,,,,,,,,
85054830,Rob Larson,77269681,WR,WR (OOS),https://www.maxpreps.com/ca/folsom/folsom-bulldogs/athletes/rob-larson/football/stats/?careerid=lf5e5pprk9rp9,,,,,,,,,,,,,,15,1,-2,-2.0,-0.1,-2,0,,15,82,1146,14.0,76.4,66,18,,,,,,,,,,,,,,
85057124,Damani Warren,77274207,WR,WR (OOS),https://www.maxpreps.com/nv/las-vegas/arbor-view-aggies/athletes/damani-warren/football/stats/?careerid=quqs50pcc3855,,,,,,,,,,,,,,,,,,,,,,6,16,223,13.9,37.2,47,1,,,,,,,,,,,,,,
85058620,K'Adrian Redmond,82199551,DT,DT/NOSE (IS),https://www.maxpreps.com/tx/desoto/desoto-fighting-eagles/athletes/kadrian-redmond/football/stats/?careerid=m49nt94264dj3,,,,,,,,,,,,,,,,,,,,,,,,,,,,,10,10,18,28,2.8,5.0,,,,,,,,
85057017,Amari Vickerson,77267537,DT,DT/NOSE (IS),https://www.maxpreps.com/tx/houston/cypress-ranch-mustangs/athletes/b22c9cc2bd-amari-vickerson/football/stats/?careerid=vp0i6g8a0ndvf,,,,,,,,,,,,,,,,,,,,,,,,,,,,,13,23,25,48,3.7,10.5,13,4.5,8,0.3,,,,
85055476,George Toia,77272638,DT,DT/NOSE (IS),https://www.maxpreps.com/tx/trophy-club/byron-nelson-bobcat/athletes/george-toia/football/stats/?careerid=fmd8eq2ea1200,,,,,,,,,,,,,,,,,,,,,,,,,,,,,8,27,12,39,4.9,12.0,8,7.0,70,0.9,,,,
85062520,Johnnie Fitzgerald,77269393,DT,DT/NOSE (IS),https://www.maxpreps.com/tx/red-oak/red-oak-hawks/athletes/johnnie-fitzgerald-iii/football/stats/?careerid=qnvtca746ngg0,,,,,,,,,,,,,,,,,,,,,,,,,,,,,3,8,3,11,3.7,,3,1.0,,0.3,,,,
85058601,Kasi Currie,77274445,DT,DT/NOSE (OOS),https://www.maxpreps.com/ca/chatsworth/sierra-canyon-trailblazers/athletes/kasi-currie/football/stats/?careerid=bj2r3df28hrn7,,,,,,,,,,,,,,,,,,,,,,,,,,,,,9,10,5,15,1.7,4.0,12,2.0,20,0.2,,,,
85070241,Tyler Alexander,107900986,DT,DT/NOSE (OOS),https://www.maxpreps.com/fl/wellington/palm-beach-central-broncos/athletes/tyler-alexander/football/stats/?careerid=bgl888go44idd,,,,,,,,,,,,,,,,,,,,,,,,,,,,,11,17,29,46,4.2,20.0,11,2.5,,0.2,,,,
85058643,Jamar Thompson,77266081,DT,DT/NOSE (OOS),https://www.maxpreps.com/fl/boca-raton/west-boca-raton-bulls/athletes/jamar-thompson/football/stats/?careerid=d0ksd7ou5dnbb,,,,,,,,,,,,,,,,,,,,,,,,,,,,,15,19,23,42,2.8,16.0,15,5.0,,0.3,,,,
85060505,John Archer,106142599,DT,DT/NOSE (OOS),https://www.maxpreps.com/nc/fayetteville/seventy-first-falcons/athletes/john-archer/football/stats/?careerid=oaf8uidt8qusc,,,,,,,,,,,,,,,,,,,,,,,,,,,,,10,5,39,44,4.4,17.0,10,1.0,,0.1,,,,
85062100,Kadin Fife,97328241,DT,DT/NOSE (OOS),https://www.maxpreps.com/ga/summerville/chattooga-indians/athletes/kadin-fife/football/stats/?careerid=53qqsjg62cjm6,,,,,,,,,,,,,,,,,,,,,,,,,,,,,8,22,9,31,3.9,10.0,8,6.0,24,0.8,,,,
85057044,Brayden Parks,77272648,DT,DT/NOSE (OOS),https://www.maxpreps.com/il/chicago/brother-rice-crusaders/athletes/brayden-parks/football/stats/?careerid=pfq5e73hdiftd,,,,,,,,,,,,,,,,,,,,,,,,,,,,,13,18,26,44,3.4,6.0,13,2.0,,0.2,,,,
85058605,Deven Robertson,79150902,DT,DT/NOSE (OOS),https://www.maxpreps.com/ms/hattiesburg/oak-grove-warriors/athletes/deven-robertson/football/stats/?careerid=9k93l5msac5vf,,,,,,,,,,,,,,,,,,,,,,,,,,,,,13,45,37,82,6.3,12.0,13,3.0,,0.2,,,,
85048847,Jon Ioane,77266725,DT,DT/NOSE (OOS),https://www.maxpreps.com/ca/tustin/tustin-tillers/athletes/jon-ioane/football/stats/?careerid=3sl1qi6l02h00,,,,,,,,,,,,,,,,,,,,,,,,,,,,,11,21,31,52,4.7,9.0,11,8.0,,0.7,,,,
85050585,Waylon Wooten,77267805,DT,DT/NOSE (OOS),https://www.maxpreps.com/ga/loganville/grayson-rams/athletes/waylon-wooten/football/stats/?careerid=d074cu2nkdek4,,,,,,,,,,,,,,,,,,,,,,,,,,,,,11,15,17,32,2.9,11.0,11,3.0,,0.3,,,,
85062468,Joseph Graves,96741497,DT,DT/NOSE (OOS),https://www.maxpreps.com/fl/bradenton/img-academy-none/athletes/joseph-graves/football/stats/?careerid=bgb7cjrq1efi2,,,,,,,,,,,,,,,,,,,,,,,,,,,,,9,14,12,26,2.9,8.0,9,3.0,,0.3,,,,
85071388,Cornelius Tims,108423753,DT,DT/NOSE (OOS),https://www.maxpreps.com/fl/fort-myers/south-fort-myers-wolfpack/athletes/cornelius-tims/football/stats/?careerid=ru0h96569qg00,,,,,,,,,,,,,,,,,,,,,,,,,,,,,10,12,62,74,7.4,11.0,10,6.0,,0.6,,,,
85063145,Jalen Brewster,56251123,DE/DT,DE/DT (IS),https://www.maxpreps.com/tx/cedar-hill/cedar-hill-longhorns/athletes/jalen-brewster/football/stats/?careerid=74jci2829h5ff,,,,,,,,,,,,,,,,,,,,,,,,,,,,,,,,,,,,,,,,,,
85065121,DeMarco Jenkins,77272825,DE/DT,DE/DT (IS),https://www.maxpreps.com/tx/pearland/pearland-oilers/athletes/demarco-jenkins/football/stats/?careerid=45r3bcrh76jrb,,,,,,,,,,,,,,,,,,,,,,,,,,,,,12,31,17,48,4.0,17.0,12,7.0,,0.6,,,,
85075530,Raiden Cook,112947029,DE/DT,DE/DT (IS),https://www.maxpreps.com/tx/mt-belvieu/barbers-hill-eagles/athletes/raiden-cook/football/stats/?careerid=bso25p3jea5dd,,,,,,,,,,,,,,,,,,,,,,,,,,,,,8,25,14,39,4.9,10.5,8,2.5,,0.3,,,,
85063149,Trason Haley,84078702,DE/DT,DE/DT (IS),https://www.maxpreps.com/tx/sachse/sachse-mustangs/athletes/trason-haley/football/stats/?careerid=mo0versa1er00,,,,,,,,,,,,,,,,,,,,,,,,,,,,,11,25,26,51,4.6,10.0,11,5.0,,0.5,,,,
85065694,Antonio Underwood,108355530,DE/DT,DE/DT (IS),https://www.maxpreps.com/tx/houston/westfield-mustangs/athletes/antonio-underwood/football/stats/?careerid=76ot7lhitf5ee,,,,,,,,,,,,,,,,,,,,,,,,,,,,,11,39,51,90,8.1,24.0,11,5.0,,0.5,,,,
85058629,Davion King,77267951,DE/DT,DE/DT (IS),https://www.maxpreps.com/tx/gilmer/gilmer-buckeyes/athletes/davion-king/football/stats/?careerid=hv0b1ugbshno8,,,,,,,,,,,,,,,,,,,,,,,,,,,,,11,22,25,47,4.3,5.0,11,1.0,,0.1,,,,
85058635,Isaac Coughran,77270965,DE/DT,DE/DT (IS),https://www.maxpreps.com/tx/katy/katy-tigers/athletes/isaac-coughran/football/stats/?careerid=tdt4n3pgvtm33,,,,,,,,,,,,,,,,,,,,,,,,,,,,,,,,,,,,,,,,,,
85073185,Ahzan Bacote,112381983,DE/DT,DE/DT (IS),https://www.maxpreps.com/tx/san-antonio/cornerstone-christian-warriors/athletes/ahzan-bacote/football/stats/?careerid=t4lnj4vtmrque,,,,,,,,,,,,,,,,,,,,,,,,,,,,,10,19,21,40,4.0,20.0,10,12.0,2,1.2,,,,
85058600,Ben'Jarvius Shumaker,84078193,DE/DT,DE/DT (OOS),https://www.maxpreps.com/ms/ackerman/choctaw-county-chargers/athletes/benjarvius-shumaker/football/stats/?careerid=stcj6nd87co88,,,,,,,,,,,,,,,,,,,,,,,,,,,,,12,45,68,113,9.4,24.0,12,8.5,28,0.7,,,,
85064538,Mitchell Turner,113076310,DE/DT,DE/DT (OOS),https://www.maxpreps.com/ms/louisville/louisville-wildcats/athletes/mitchell-turner/football/stats/?careerid=2ptrbr3l1pv22,,,,,,,,,,,,,,,,,,,,,,,,,,,,,13,63,40,103,7.9,41.0,13,15.5,,1.2,,,,
85057009,Myels Smith,77274233,DE/DT,DE/DT (OOS),https://www.maxpreps.com/ca/inglewood/inglewood-sentinels/athletes/myels-smith/football/stats/?careerid=q0pp2fj7p86sc,,,,,,,,,,,,,,,,,,,,,,,,,,,,,11,54,37,91,8.3,30.0,11,10.0,54,0.9,,,,
85069621,Karlos May,77270691,DE/DT,DE/DT (OOS),https://www.maxpreps.com/al/birmingham/ramsay-rams/athletes/karlos-may/football/stats/?careerid=bmb5ruh958kl5,,,,,,,,,,,,,,,,,,,,,,,,,,,,,10,20,23,43,4.3,8.0,10,4.0,24,0.4,,,,
85063565,Yahzeen Zion,95283238,DE/DT,DE/DT (OOS),https://www.maxpreps.com/az/goodyear/desert-edge-scorpions/athletes/yahzeen-zion/football/stats/?careerid=pv37sh9drniff,,,,,,,,,,,,,,,,,,,,,,,,,,,,,11,33,24,57,5.2,15.5,11,4.0,7,0.4,,,,
85057131,Elija Harmon,77271108,DE/DT,DE/DT (OOS),https://www.maxpreps.com/ca/inglewood/inglewood-sentinels/athletes/elija-harmon/football/stats/?careerid=vjkfq54vgl8dd,,,,,,,,,,,,,,,,,,,,,,,,,,,,,11,45,35,80,7.3,24.0,11,5.0,18,0.5,,,,
85058596,Elijah Patmon,84079834,DE/DT,DE/DT (OOS),https://www.maxpreps.com/ga/warner-robins/northside-eagles/athletes/elijah-patmon/football/stats/?careerid=haefmvdi1ekqa,,,,,,,,,,,,,,,,,,,,,,,,,,,,,8,31,6,37,4.6,6.0,8,1.0,,0.1,,,,
85067019,Ricardo Parker,100296978,DE/DT,DE/DT (OOS),https://www.maxpreps.com/al/prattville/prattville-lions/athletes/ricardo-parker/football/stats/?careerid=gsn7be66ffhbb,,,,,,,,,,,,,,,,,,,,,,,,,,,,,,,,,,,,,,,,,,
85079200,Elijah Brown,84079673,DE/DT,DE/DT (OOS),https://www.maxpreps.com/al/prattville/prattville-lions/athletes/elijah-brown/football/stats/?careerid=1fr9b5gk629k4,,,,,,,,,,,,,,,,,,,,,,,,,,,,,4,9,3,12,3.0,3.0,4,1.0,3,0.3,,,,
85058616,Sam LeJeune,107594115,DE/DT,DE/DT (OOS),https://www.maxpreps.com/ms/poplarville/poplarville-hornets/athletes/sam-lejeune/football/stats/?careerid=7sijb6m3vc344,,,,,,,,,,,,,,,,,,,,,,,,,,,,,13,29,29,58,4.5,14.0,13,4.0,38,0.3,,,,
85065508,Cameron Hall,92386034,DE,DE (IS),https://www.maxpreps.com/tx/arlington/mansfield-summit-jaguars/athletes/cameron-hall/football/stats/?careerid=05a71f3q9t6rb,,,,,,,,,,,,,,,,,,,,,,,,,,,,,9,42,4,46,5.1,18.0,9,10.0,65,1.1,,,,
85053330,Ezekiel Ayangbile,77268148,DE,DE (IS),https://www.maxpreps.com/tx/houston/langham-creek-lobos/athletes/ezekiel-ayangbile/football/stats/?careerid=cvnlbj33ff2g0,,,,,,,,,,,,,,,,,,,,,,,,,,,,,10,27,23,50,5.0,8.0,10,3.0,,0.3,,,,
85070233,Finn Walker,107308194,DE,DE (IS),https://www.maxpreps.com/tx/conroe/oak-ridge-war-eagles/athletes/finn-walker/football/stats/?careerid=qehad8koii1rb,,,,,,,,,,,,,,,,,,,,,,,,,,,,,,,,,,,,,,,,,,
85058637,Xavier Muhammad,80623127,DE,DE (IS),https://www.maxpreps.com/tx/south-houston/south-houston-trojans/athletes/xavier-muhammad/football/stats/?careerid=fooavoj25rp11,,,,,,,,,,,,,,,,,,,,,,,,,,,,,,,,,,,,,,,,,,
85075396,Jalen Price,94672419,DE,DE (IS),https://www.maxpreps.com/tx/cedar-hill/cedar-hill-longhorns/athletes/jalen-price/football/stats/?careerid=3u69mh19dl2k4,,,,,,,,,,,,,,,,,,,,,,,,,,,,,1,,1,1,1.0,,,,,,,,,
85065123,Alexander Coey,96215146,DE,DE (IS),https://www.maxpreps.com/tx/conroe/conroe-tigers/athletes/alexander-coey/football/stats/?careerid=urhr43r585qg0,,,,,,,,,,,,,,,,,,,,,,,,,,,,,10,11,13,26,2.6,15.0,10,1.5,26,0.2,,,,
85058606,Alifeleti Tuihalamaka,84078766,DE,DE (OOS),https://www.maxpreps.com/ca/westlake-village/oaks-christian-lions/athletes/alifeleti-tuihalamaka/football/stats/?careerid=m5f8rbe6oi2o8,,,,,,,,,,,,,,,,,,,,,,,,,,,,,13,51,35,86,6.6,13.5,13,8.0,49,0.6,,,,
85058659,Jaiden Bryant,77269939,DE,DE (OOS),https://www.maxpreps.com/sc/columbia/irmo-yellow-jackets/athletes/jaiden-bryant/football/stats/?careerid=fm42dt6spd433,,,,,,,,,,,,,,,,,,,,,,,,,,,,,13,41,34,75,5.8,16.0,13,10.0,,0.8,,,,
85062465,Aidan O'Neil,84080263,DE,DE (OOS),https://www.maxpreps.com/nj/ramsey/don-bosco-prep-ironmen/athletes/aidan-oneil/football/stats/?careerid=dqvfjel4pqdg0,,,,,,,,,,,,,,,,,,,,,,,,,,,,,2,,,11,5.5,,,,,,,,,
85062250,Miles Schirmer,84078798,DE,DE (OOS),https://www.maxpreps.com/ca/corona/centennial-huskies/athletes/miles-schirmer/football/stats/?careerid=veqf3crf2qubb,,,,,,,,,,,,,,,,,,,,,,,,,,,,,11,12,27,39,3.5,4.0,11,3.0,,0.3,,,,
85070225,Avrian Pauley,84080922,DE,DE (OOS),https://www.maxpreps.com/al/mobile/mcgill-toolen-yellowjackets/athletes/avrian-pauley/football/stats/?careerid=dp98rrn5jse77,,,,,,,,,,,,,,,,,,,,,,,,,,,,,6,3,6,9,1.5,,6,,,,,,,
85072658,Nicholas Frazier,84080333,DE,DE (OOS),https://www.maxpreps.com/ga/lyons/toombs-county-bulldogs/athletes/nicholas-frazier/football/stats/?careerid=omrh0aq7nmusc,,,,,,,,,,,,,,,,,,,,,,,,,,,,,12,,,16,1.3,2.0,12,,,,,,,
85065610,Derwin Fields,105973978,LB,JACK/SAM (OOS),https://www.maxpreps.com/ms/brookhaven/brookhaven-panthers/athletes/derwin-fields/football/stats/?careerid=rs2efoaoo9eh1,,,,,,,,,,,,,,,,,,,,,,,,,,,,,14,45,11,56,4.0,26.0,14,16.0,,1.1,,,,
85053601,Jabarrius Garror,74290240,LB,JACK/SAM (OOS),https://www.maxpreps.com/al/prichard/vigor-wolves/athletes/jabarrius-garror/football/stats/?careerid=329kvm27lca66,,,,,,,,,,,,,,,,,,,,,,,,,,,,,15,44,62,106,7.1,32.5,15,21.0,89,1.4,,,,
85056989,Kwame Green,77273825,LB,JACK/SAM (OOS),https://www.maxpreps.com/ga/stone-mountain/stephenson-jaguars/athletes/kwame-green-jr/football/stats/?careerid=jb3gmt3iasth1,,,,,,,,,,,,,,,,,,,,,,,,,,,,,13,95,34,129,9.9,40.0,13,18.0,128,1.4,,,,
85064715,Antwan Jackson,112357218,LB,JACK/SAM (OOS),https://www.maxpreps.com/tn/memphis/white-station-spartans/athletes/antwan-jackson/football/stats/?careerid=efg3j06ahtf77,,,,,,,,,,,,,,,,,,,,,,,,,,,,,7,7,14,26,3.7,7.0,1,1.0,5,1.0,,,,
85063479,Rashad Streets,96214158,LB,JACK/SAM (OOS),https://www.maxpreps.com/nc/raleigh/millbrook-wildcats/athletes/rashad-streets/football/stats/?careerid=bfsi25ti21k44,,,,,,,,,,,,,,,,,,,,,,,,,,,,,13,61,42,103,7.9,39.5,13,15.0,140,1.2,,,,
85063601,Frederick Ards,77272226,LB,JACK/SAM (OOS),https://www.maxpreps.com/fl/orlando/jones-tigers/athletes/fred-ards/football/stats/?careerid=9j3lr2uioc900,,,,,,,,,,,,,,,,,,,,,,,,,,,,,15,24,56,80,5.3,13.0,15,11.0,49,0.7,,,,
85059747,Zyron Forstall,95159551,LB,JACK/SAM (OOS),https://www.maxpreps.com/fl/bradenton/img-academy-none/athletes/zyron-forstall/football/stats/?careerid=8u32h454vsh44,,,,,,,,,,,,,,,,,,,,,,,,,,,,,8,15,13,28,3.5,9.0,8,5.0,,0.6,,,,
85065359,Adriel Rojas,77270249,LB,JACK/SAM (OOS),https://www.maxpreps.com/ga/cumming/north-forsyth-raiders/athletes/adriel-rojas/football/stats/?careerid=6ho9hdedcbdm6,,,,,,,,,,,,,,,,,,,,,,,,,,,,,11,39,28,67,6.1,6.0,11,2.0,4,0.2,,,,
85051090,Cameron Pritchett,70924338,LB,JACK/SAM (OOS),https://www.maxpreps.com/al/alabaster/thompson-warriors/athletes/cam-pritchett/football/stats/?careerid=27ql4h9q9qu33,,,,,,,,,,,,,,,,,,,,,,,,,,,,,14,55,37,92,6.6,14.0,14,3.0,16,0.2,,,,
85051220,Kaden McCarty,77271966,LB,LB (IS),https://www.maxpreps.com/tx/houston/cypress-falls-golden-eagles/athletes/kaden-mccarty/football/stats/?careerid=6ttur9g5iv9g0,,,,,,,,,,,,,,,,,,,,,,,,,,,,,13,27,24,51,3.9,26.0,13,12.0,52,0.9,,,,
85073879,Jhadyn Nelson,112508334,LB,LB (IS),https://www.maxpreps.com/tx/houston/langham-creek-lobos/athletes/jhadyn-nelson/football/stats/?careerid=juu1fobvu08bb,,,,,,,,,,,,,,,,,,,,,,,,,,,,,10,22,37,59,5.9,10.0,10,3.0,,0.3,,,,
85056994,Cooper Witten,77267646,LB,LB (IS),https://www.maxpreps.com/tx/argyle/liberty-christian-warriors/athletes/cooper-witten/football/stats/?careerid=gpqg60o78on22,,,,,,,,,,,,,,,,,,,,,,,,,,,,,7,61,26,87,12.4,9.0,7,2.0,16,0.3,,,,
85075054,Braylon Williams,77274488,LB,LB (IS),https://www.maxpreps.com/tx/arlington/lamar-vikings/athletes/braylon-williams/football/stats/?careerid=0lt2mffv0f4l5,,,,,,,,,,,,,,,,,,,,,,,,,,,,,8,57,44,101,12.6,13.0,8,5.0,,0.6,,,,
85054367,Davon Smith,79152055,LB,LB (IS),https://www.maxpreps.com/tx/houston/westfield-mustangs/athletes/davon-smith/football/stats/?careerid=d03kr2bfj33dd,,,,,,,,,,,,,,,,,,,,,,,,,,,,,11,54,64,118,10.7,24.0,11,2.5,,0.2,,,,
85065470,Bryce Breeden,100030626,LB,LB (IS),https://www.maxpreps.com/tx/bridge-city/bridge-city-cardinals/athletes/bryce-breeden/football/stats/?careerid=3bf85e9sblqvf,,,,,,,,,,,,,,,,,,,,,,,,,,,,,13,86,23,109,8.4,19.0,13,8.0,47,0.6,,,,
85078238,Aaron Williams,98026497,LB,LB (IS),https://www.maxpreps.com/tx/missouri-city/ridge-point-panthers/athletes/aaron-williams/football/stats/?careerid=ursnuticdorl5,,,,,,,,,,,,,,,,,,,,,,,,,,,,,11,39,17,56,5.1,3.0,,,,,,,,
85071957,Jeremiah Culpepper,109625626,LB,LB (OOS),https://www.maxpreps.com/ga/lagrange/troup-county-tigers/athletes/jeremiah-culpepper/football/stats/?careerid=010pjg3us1jh1,,,,,,,,,,,,,,,,,,,,,,,,,,,,,11,37,22,59,5.4,16.0,11,12.0,53,1.1,,,,
85052482,Taven Epps,77272358,LB,LB (OOS),https://www.maxpreps.com/ca/tustin/tustin-tillers/athletes/taven-epps/football/stats/?careerid=mlsp7kspdujvf,,,,,,,,,,,,,,,,,,,,,,,,,,,,,11,40,32,72,6.5,12.0,11,3.0,,0.3,,,,
85058584,Ja'Bios Smith,79151075,LB,LB (OOS),https://www.maxpreps.com/ga/swainsboro/swainsboro-tigers/athletes/jabios-smith/football/stats/?careerid=sj3jn2cujt5td,,,,,,,,,,,,,,,,,,,,,,,,,,,,,9,44,28,72,8.0,8.0,11,1.0,,0.1,,,,
85052065,Mikahi Allen,79152563,LB,LB (OOS),https://www.maxpreps.com/nj/ramsey/don-bosco-prep-ironmen/athletes/mikahi-allen/football/stats/?careerid=ib5a11r0gb855,,,,,,,,,,,,,,,,,,,,,,,,,,,,,12,33,25,58,4.8,10.0,12,7.0,,0.6,,,,
85052546,Ba'Roc Willis,77273666,LB,LB (OOS),https://www.maxpreps.com/al/moody/moody-blue-devils/athletes/ba%e2%80%99roc-willis/football/stats/?careerid=obfmcrcgjt9sc,,,,,,,,,,,,,,,,,,,,,,,,,,,,,15,86,39,125,8.3,23.0,15,9.0,,0.6,,,,
85066414,Noah Glover,105971815,LB,LB (OOS),https://www.maxpreps.com/va/haymarket/battlefield-bobcats/athletes/noah-glover/football/stats/?careerid=ks14inf8iu7bb,,,,,,,,,,,,,,,,,,,,,,,,,,,,,8,13,1,14,1.8,2.0,8,3.0,,0.4,,,,
85067848,Isaac McNeil,108384069,LB,LB (OOS),https://www.maxpreps.com/al/prichard/vigor-wolves/athletes/isaac-mcneil/football/stats/?careerid=q7vssce1n2q33,,,,,,,,,,,,,,,,,,,,,,,,,,,,,15,36,56,92,6.1,16.0,15,9.0,17,0.6,,,,
85053550,Kaden Henderson,77273056,LB,LB (OOS),https://www.maxpreps.com/fl/tampa/jesuit-tigers/athletes/kaden-henderson/football/stats/?careerid=a7c3lm0o8eo33,,,,,,,,,,,,,,,,,,,,,,,,,,,,,10,31,18,49,4.9,13.0,10,9.0,,0.9,,,,
85072321,Kareem Palmer,109890888,LB,LB (OOS),https://www.maxpreps.com/ga/lyons/toombs-county-bulldogs/athletes/kareem-palmer/football/stats/?careerid=dl0f6d44fq700,,,,,,,,,,,,,,,,,,,,,,,,,,,,,14,4,3,79,5.6,9.0,14,1.0,6,0.1,,,,
85050888,Amarri Irvin,59222847,LB,LB (OOS),https://www.maxpreps.com/fl/bradenton/img-academy-none/athletes/amarri-irvin/football/stats/?careerid=fbp9r678g2r66,,,,,,,,,,,,,,,,,,,,,,,,,,,,,9,29,7,36,4.0,6.0,9,4.0,,0.4,,,,
85071610,Jackson Ross,113076682,LB,LB (OOS),https://www.maxpreps.com/sc/columbia/hammond-skyhawks/athletes/jackson-ross/football/stats/?careerid=o6n3k1alst988,,,,,,,,,,,,,,,,,,,,,,,,,,,,,,,,,,,,,,,,,,
85062847,Theo Wilson,84081324,LB,LB (OOS),https://www.maxpreps.com/fl/seffner/armwood-hawks/athletes/theo-wilson/football/stats/?careerid=cmgp5ogh7fcbb,,,,,,,,,,,,,,,,,,,,,,,,,,,,,14,83,13,96,6.9,34.0,14,13.0,,0.9,,,,
85062478,Jalaythan Mayfield,105970232,LB,LB (OOS),https://www.maxpreps.com/nc/lincolnton/lincolnton-wolves/athletes/jalaythan-%c2%a8jj%c2%a8-mayfield/football/stats/?careerid=ghuur7nt5h7td,,,,,,,,,,,,,,,,,,,,,,,,,,,,,11,103,,109,9.9,18.0,11,10.0,,0.9,,,,
85053041,Isaiah Phelps,77268477,LB,LB (OOS),https://www.maxpreps.com/ca/oxnard/pacifica-tritons/athletes/isaiah-phelps/football/stats/?careerid=01g0dugsji7cc,,,,,,,,,,,,,,,,,,,,,,,,,,,,,16,89,143,232,14.5,23.0,16,4.0,24,0.3,,,,
85058577,Marshaun Ivy,77272448,LB,LB (OOS),https://www.maxpreps.com/mo/st-louis/cardinal-ritter-college-prep-lions/athletes/marshaun-ivy/football/stats/?careerid=gv1uatobmcbm6,,,,,,,,,,,,,,,,,,,,,,,,,,,,,8,40,31,71,8.9,,8,1.0,,0.1,,,,
85065363,Sam Ngata,111393325,LB,LB (OOS),https://www.maxpreps.com/ut/salt-lake-city/olympus-titans/athletes/sam-ngata/football/stats/?careerid=4t00srit30fn7,,,,,,,,,,,,,,,,,,,,,,,,,,,,,8,13,10,23,2.9,.5,,,,,,,,
85056224,Tytan DeJong,77266495,LB,LB (OOS),https://www.maxpreps.com/ut/herriman/mountain-ridge-sentinels/athletes/tytan-dejong/football/stats/?careerid=pdvpm0qr0a8o8,,,,,,,,,,,,,,,,,,,,,,,,,,,,,13,10,10,20,1.5,3.0,13,1.0,7,0.1,,,,
85051651,Ethan Coach,54720766,LB,LB (OOS),https://www.maxpreps.com/ca/bellflower/st-john-bosco-braves/athletes/ethan-coach/football/stats/?careerid=7teo532ik0pn7,,,,,,,,,,,,,,,,,,,,,,,,,,,,,10,11,6,17,1.7,2.0,10,1.0,7,0.1,,,,
85058869,Isala Wily-Ava,77266578,LB,LB (OOS),https://www.maxpreps.com/ca/bellflower/st-john-bosco-braves/athletes/isala-wily-ava/football/stats/?careerid=uvue1rmj912vf,,,,,,,,,,,,,,,,,,,,,,,,,,,,,11,28,12,40,3.6,2.0,13,1.0,11,0.1,,,,
85067989,Joshua Echols,77267124,LB,LB (OOS),https://www.maxpreps.com/ga/buford/buford-wolves/athletes/joshua-echols/football/stats/?careerid=3oq9f0nu97a11,,,,,,,,,,,,,,,,,,,,,,,,,,,,,15,58,41,99,6.6,12.0,15,4.0,,0.3,,,,
85052801,Cole Crawford,77268556,LB,LB (OOS),https://www.maxpreps.com/ga/cartersville/cartersville-purple-hurricanes/athletes/cole-crawford/football/stats/?careerid=g59gsnd1qa566,,,,,,,,,,,,,,,,,,,,,,,,,,,,,13,32,23,55,4.2,4.0,13,,,,,,,
85049353,Liufau Loumoli,77269836,LB,LB (OOS),https://www.maxpreps.com/fl/bradenton/img-academy-none/athletes/liufau-loumoli/football/stats/?careerid=9sebtvlv875td,,,,,,,,,,,,,,,,,,,,,,,,,,,,,9,5,2,7,0.8,,9,,,,,,,
85052285,Dhillon McGee,66128620,CB,CB (IS),https://www.maxpreps.com/tx/red-oak/red-oak-hawks/athletes/dhillon-mcgee/football/stats/?careerid=u9q97h5vmilm6,,,,,,,,,,,,,,,,,,,,,,,,,,,,,,28,3,31,3.1,1.0,,,,,,10,,15
85054403,Trenton Blaylock,77845560,CB,CB (IS),https://www.maxpreps.com/tx/humble/atascocita-eagles/athletes/trenton-blaylock/football/stats/?careerid=p7l3nt43kcq00,,,,,,,,,,,,,,,,,,,,,,,,,,,,,,,,,,,,,,,,,,
85070220,Kameron Roberson,101736922,CB,CB (IS),https://www.maxpreps.com/tx/cypress/cypress-springs-panthers/athletes/kameron-roberson/football/stats/?careerid=82vdt99r5ihj3,,,,,,,,,,,,,,,,,,,,,,,,,,,,,,10,6,16,1.8,,,,,,,9,,6
85058668,Joshua Banks,84080500,CB,CB (IS),https://www.maxpreps.com/tx/humble/atascocita-eagles/athletes/joshua-banks/football/stats/?careerid=0cdul20egmki2,,,,,,,,,,,,,,,,,,,,,,,,,,,,,,,,,,,,,,,,11,1,
85050321,Taelyn Mayo,58954415,CB,CB (IS),https://www.maxpreps.com/tx/lewisville/lewisville-fighting-farmers/athletes/taelyn-mayo/football/stats/?careerid=nh23nhlivm6l5,,,,,,,,,,,,,,,,,,,,,,,,,,,,,,19,10,29,2.6,3.0,,,,,,11,3,11
85065122,Brandon Sherrard,92441563,CB,CB (IS),https://www.maxpreps.com/tx/pearland/shadow-creek-sharks/athletes/brandon-sherrard/football/stats/?careerid=3klmdeu2ucoaa,,,,,,,,,,,,,,,,,,,,,,,,,,,,,,16,6,22,3.7,1.0,,,,,,6,2,7
85062514,Bryant Robinson,84081482,CB,CB (IS),https://www.maxpreps.com/tx/frisco/lone-star-rangers/athletes/bryant-robinson/football/stats/?careerid=j59h4vf50q3bb,,,,,,,,,,,,,,,,,,,,,,,,,,,,,,35,11,46,3.1,,,,,,,15,2,6
85046961,Raylaun Henry,79151036,CB,CB (OOS),https://www.maxpreps.com/md/baltimore/st-frances-academy-panthers/athletes/raylaun-henry/football/stats/?careerid=41sf12d9tvk00,,,,,,,,,,,,,,,,,,,,,,,,,,,,,,,,,,,,,,,,,,
85072670,Aamaury Fountain,108383899,CB,CB (OOS),https://www.maxpreps.com/ga/warner-robins/northside-eagles/athletes/aamaury-fountain/football/stats/?careerid=unqoiu49mc166,,,,,,,,,,,,,,,,,,,,,,,,,,,,,,,,,,,,,,,,,,
85072888,Dylan Haley,112492951,CB,CB (OOS),https://www.maxpreps.com/ga/flowery-branch/cherokee-bluff-bears/athletes/dylan-haley/football/stats/?careerid=v4cbr53r58499,,,,,,,,,,,,,,,,,,,,,,,,,,,,,,10,7,20,1.5,,,,,,,13,1,
85081623,Donte Wright Jr.,77266821,CB,CB (OOS),https://www.maxpreps.com/ca/long-beach/long-beach-poly-jackrabbits/athletes/donte-wright-jr/football/stats/?careerid=06nr9hs8d0aee,,,,,,,,,,,,,,,,,,,,,,,,,,,,,,17,7,25,3.6,3.5,,,,,,7,0,7
85049956,Jailen Hill,77274354,CB,CB (OOS),https://www.maxpreps.com/ca/bellflower/st-john-bosco-braves/athletes/jailen-hill/football/stats/?careerid=dgidi5dffrt33,,,,,,,,,,,,,,,,,,,,,,,,,,,,,,7,4,11,1.1,,,,,,,10,6,3
85058858,Danny Lang,77274033,CB,CB (OOS),https://www.maxpreps.com/ca/santa-ana/mater-dei-monarchs/athletes/danny-lang/football/stats/?careerid=7vloilt625vk4,,,,,,,,,,,,,,,,,,,,,,,,,,,,,,26,5,31,3.4,1.0,,,,,,9,,10
85052547,Ethan Hauser,77267690,CB,CB (OOS),https://www.maxpreps.com/ga/buford/buford-wolves/athletes/ethan-hauser/football/stats/?careerid=hq3vg4vblmecc,,,,,,,,,,,,,,,,,,,,,,,,,,,,,,21,27,48,3.7,2.0,,,,,,13,2,2
85063598,Bryce Williams,77274536,CB,CB (OOS),https://www.maxpreps.com/fl/davie/western-wildcats/athletes/bryce-williams/football/stats/?careerid=hfvba45cdh2m6,,,,,,,,,,,,,,,,,,,,,,,,,,,,,,19,3,22,2.4,,,,,,,9,1,12
85054828,Jeovanni Henley,77273108,CB,COMBO -> CB,https://www.maxpreps.com/ca/san-mateo/junipero-serra-padres/athletes/jeovanni-henley/football/stats/?careerid=ddgc6js29to99,,,,,,,,,,,,,,,,,,,,,,,,,,,,,,52,13,65,5.4,9.5,,,,,,12,2,6
85054828,Jeovanni Henley,77273108,SAF,COMBO -> SAF,https://www.maxpreps.com/ca/san-mateo/junipero-serra-padres/athletes/jeovanni-henley/football/stats/?careerid=ddgc6js29to99,,,,,,,,,,,,,,,,,,,,,,,,,,,,,12,52,13,65,5.4,9.5,12,5.0,21,0.4,,,,
85053453,Semaj Stanford,77272809,CB,COMBO -> CB,https://www.maxpreps.com/ok/broken-arrow/broken-arrow-tigers/athletes/samaj-stanford/football/stats/?careerid=oduo8dp2kq2k4,,,,,,,,,,,,,,,,,,,,,,,,,,,,,,54,26,80,10.0,1.0,,,,,,8,1,5
85053453,Semaj Stanford,77272809,SAF,COMBO -> SAF,https://www.maxpreps.com/ok/broken-arrow/broken-arrow-tigers/athletes/samaj-stanford/football/stats/?careerid=oduo8dp2kq2k4,,,,,,,,,,,,,,,,,,,,,,,,,,,,,8,54,26,80,10.0,1.0,,,,,,,,
85048122,JayQuan Snell,74339812,SAF,SAF (IS),https://www.maxpreps.com/tx/waxahachie/waxahachie-indians/athletes/jayquan-snell/football/stats/?careerid=evu6gna506211,,,,,,,,,,,,,,,,,,,,,,,,,,,,,13,56,4,60,4.6,4.0,13,1.0,,0.1,,,,
85058847,"Karnell ""Greedy"" James, Jr.",77269760,SAF,SAF (IS),https://www.maxpreps.com/tx/manvel/manvel-mavericks/athletes/karnell-greedy-james-jr/football/stats/?careerid=ln2n717i44u22,,,,,,,,,,,,,,,,,,,,,,,,,,,,,12,26,27,53,4.4,,,,,,,,,
85072654,Braylon Deal,92674922,SAF,SAF (IS),https://www.maxpreps.com/tx/garland/naaman-forest-rangers/athletes/braylon-deal/football/stats/?careerid=7hok5ugf93jj3,,,,,,,,,,,,,,,,,,,,,,,,,,,,,11,38,13,51,4.6,1.0,,,,,,,,
85065460,Braiden Graves,94445756,SAF,SAF (IS),https://www.maxpreps.com/tx/cypress/bridgeland-bears/athletes/braiden-graves/football/stats/?careerid=m859jrjh69v55,,,,,,,,,,,,,,,,,,,,,,,,,,,,,5,12,3,15,3.0,1.0,,,,,,,,
85062523,Elijajuan Houston,92243112,SAF,SAF (IS),https://www.maxpreps.com/tx/fort-worth/north-crowley-panthers/athletes/elijajuan-houston/football/stats/?careerid=p763qeul5tbh1,,,,,,,,,,,,,,,,,,,,,,,,,,,,,,,,,,,,,,,,,,
85050523,Davontrae Kirkland,67648759,SAF,SAF (IS),https://www.maxpreps.com/tx/waco/university-trojans/athletes/davontrae-kirkland/football/stats/?careerid=lpl9kq0mi5ccc,,,,,,,,,,,,,,,,,,,,,,,,,,,,,5,23,9,32,6.4,5.0,5,4.0,,0.8,,,,
85065447,Aiden Martin,101344510,SAF,SAF (IS),https://www.maxpreps.com/tx/san-antonio/brennan-bears/athletes/aiden-martin/football/stats/?careerid=e6kv52oka2rg0,,,,,,,,,,,,,,,,,,,,,,,,,,,,,10,21,20,41,4.1,4.0,,,,,,,,
85059736,Jaiden Fields,84081034,SAF,SAF (IS),https://www.maxpreps.com/tx/hutto/hutto-hippos/athletes/jaiden-fields/football/stats/?careerid=6th2ccffda7g0,,,,,,,,,,,,,,,,,,,,,,,,,,,,,12,27,21,48,4.0,2.0,,,,,,,,
85051847,Jaylyn Jones,77270162,SAF,SAF/STAR (OOS),https://www.maxpreps.com/fl/hollywood/mcarthur-mustangs/athletes/jaylyn-jones/football/stats/?careerid=2a9i73511gr66,,,,,,,,,,,,,,,,,,,,,,,,,,,,,10,20,7,27,2.7,1.0,,,,,,,,
85067868,Jernard Albright,106369874,SAF,SAF/STAR (OOS),https://www.maxpreps.com/ga/springfield/effingham-county-rebels/athletes/jernard-albright/football/stats/?careerid=uklq9cbum88td,,,,,,,,,,,,,,,,,,,,,,,,,,,,,9,41,9,50,5.6,,,,,,,,,
85059523,Kamarui Dorsey,98299411,SAF,SAF/STAR (OOS),https://www.maxpreps.com/ga/hampton/hampton-hornets/athletes/kamarui-dorsey/football/stats/?careerid=0cv60346e9uh1,,,,,,,,,,,,,,,,,,,,,,,,,,,,,11,28,33,61,5.5,2.0,,,,,,,,
85050205,Bode Sparrow,77269008,SAF,SAF/STAR (OOS),https://www.maxpreps.com/ut/kaysville/davis-darts/athletes/bode-sparrow/football/stats/?careerid=1nm0i07c3rebb,,,,,,,,,,,,,,,,,,,,,,,,,,,,,12,35,36,71,5.9,6.5,,,,,,,,
85058866,Dillon Davis,84080860,SAF,SAF/STAR (OOS),https://www.maxpreps.com/ca/bellflower/st-john-bosco-braves/athletes/dillon-davis/football/stats/?careerid=2euub1fhilbvf,,,,,,,,,,,,,,,,,,,,,,,,,,,,,11,22,7,29,2.6,1.0,,,,,,,,
85052276,Tory Pittman III,77267958,SAF,SAF/STAR (OOS),https://www.maxpreps.com/ne/omaha/omaha-central-eagles/athletes/tory-pittman-iii/football/stats/?careerid=t07kj1p44v211,,,,,,,,,,,,,,,,,,,,,,,,,,,,,10,52,16,68,6.8,,8,1.0,4,0.1,,,,
85059529,Jeremiah Proctor,79150065,SAF,SAF/STAR (OOS),https://www.maxpreps.com/ga/gainesville/gainesville-red-elephants/athletes/jeremiah-proctor/football/stats/?careerid=ffqb7v084t7o8,,,,,,,,,,,,,,,,,,,,,,,,,,,,,7,18,4,22,3.1,,,,,,,,,
85063274,Chance Gilbert,84080703,SAF,SAF/STAR (OOS),https://www.maxpreps.com/ga/sharpsburg/east-coweta-indians/athletes/chance-gilbert/football/stats/?careerid=3jhddbdpaaao8,,,,,,,,,,,,,,,,,,,,,,,,,,,,,11,45,8,53,4.8,,,,,,,,,
85048936,Myles Baker,84079693,SAF,SAF/STAR (OOS),https://www.maxpreps.com/ca/chatsworth/sierra-canyon-trailblazers/athletes/myles-baker/football/stats/?careerid=hq8r410r85oue,,,,,,,,,,,,,,,,,,,,,,,,,,,,,11,21,13,34,3.1,10.0,11,1.0,7,0.1,,,,
85053197,Adryan Cole,77273714,SAF,SAF/STAR (OOS),https://www.maxpreps.com/ga/douglasville/douglas-county-tigers/athletes/adryan-cole/football/stats/?careerid=p49f76rmlf800,,,,,,,,,,,,,,,,,,,,,,,,,,,,,11,46,23,69,6.3,2.0,11,1.0,12,0.1,,,,
85058869,Isala Wily-Ava,77266578,SAF,SAF/STAR (OOS),https://www.maxpreps.com/ca/bellflower/st-john-bosco-braves/athletes/isala-wily-ava/football/stats/?careerid=uvue1rmj912vf,,,,,,,,,,,,,,,,,,,,,,,,,,,,,11,28,12,40,3.6,2.0,13,1.0,11,0.1,,,,
85055438,Colt Lumpris,77268800,TE,TE - H,https://www.maxpreps.com/nj/lawrenceville/lawrenceville-school-big-red/athletes/colt-lumpris/football/stats/?careerid=pprr9j9lkmdbb,,,,,,,,,,,,,,,,,,,,,,3,13,166,12.8,55.3,40,1,,,,,,,,,,,,,,
85072112,Tommy Douglas,107655477,TE,TE - H,https://www.maxpreps.com/nj/princeton/hun-raiders/athletes/tommy-douglas/football/stats/?careerid=vtpqmpv3tuoaa,,,,,,,,,,,,,,,,,,,,,,11,33,640,19.4,58.2,,7,,,,,,,,,,,,,,
85060389,JT Geraci,99221445,TE,TE - Y,https://www.maxpreps.com/nj/ramsey/don-bosco-prep-ironmen/athletes/jt-geraci/football/stats/?careerid=c5al9qgv2j1vf,,,,,,,,,,,,,,,,,,,,,,9,10,132,13.2,14.7,46,1,,,,,,,,,,,,,,
85062506,Malik Howard,77271942,TE,TE - Y,https://www.maxpreps.com/tn/oak-ridge/oak-ridge-wildcats/athletes/malik-howard/football/stats/?careerid=9i410e0dk0kp9,,,,,,,,,,,,,,,,,,,,,,11,53,778,14.7,70.7,72,11,,,,,,,,,,,,,,
85053583,Julius Johnson,77270841,WR,WR (OOS),https://www.maxpreps.com/ca/long-beach/long-beach-poly-jackrabbits/athletes/julius-johnson/football/stats/?careerid=tn5r3r7c25lg0,,,,,,,,,,,,,,,,,,,,,,11,1,9,9.0,0.8,9,,,,,,,,,,,,,,,
85060382,Ray'Quan Williams,90809499,WR,WR (OOS),https://www.maxpreps.com/la/new-orleans/st-augustine-purple-knights/athletes/rayquan-williams/football/stats/?careerid=kimvhg3faqdff,,,,,,,,,,,,,,,,,,,,,,10,31,647,20.9,64.7,83,7,,,,,,,,,,,,,,
85069615,Jason Johnson,92445626,DE/DT,DE/DT (IS),https://www.maxpreps.com/tx/humble/atascocita-eagles/athletes/jason-johnson/football/stats/?careerid=4lpr8lobh3nsc,,,,,,,,,,,,,,,,,,,,,,,,,,,,,,,,,,,,,,,,,,
85055221,Jaderian Jones,80132729,DE/DT,DE/DT (IS),https://www.maxpreps.com/tx/dallas/south-oak-cliff-golden-bears/athletes/jaderian-jones/football/stats/?careerid=2h0fb76bko1j3,,,,,,,,,,,,,,,,,,,,,,,,,,,,,16,46,29,75,4.7,21.0,16,6.0,28,0.4,,,,
85058602,Jeremiah Williams,77274518,DE/DT,DE/DT (OOS),https://www.maxpreps.com/ca/tustin/tustin-tillers/athletes/jeremiah-williams/football/stats/?careerid=af9end58eovo8,,,,,,,,,,,,,,,,,,,,,,,,,,,,,11,33,34,67,6.1,24.0,11,5.0,,0.5,,,,
85058652,Dawayne Jones,77269764,DE/DT,DE/DT (OOS),https://www.maxpreps.com/ok/tulsa/booker-t-washington-hornets/athletes/dawayne-jones/football/stats/?careerid=p375vmj8dqn22,,,,,,,,,,,,,,,,,,,,,,,,,,,,,9,7,9,16,1.8,4.0,9,,,,,,,
85053583,Julius Johnson,77270841,CB,CB (OOS),https://www.maxpreps.com/ca/long-beach/long-beach-poly-jackrabbits/athletes/julius-johnson/football/stats/?careerid=tn5r3r7c25lg0,,,,,,,,,,,,,,,,,,,,,,,,,,,,,,25,17,42,3.8,1.0,,,,,,11,2,5
85055146,Gavin Williams,77274567,SAF,SAF/STAR (OOS),https://www.maxpreps.com/ca/la-verne/damien-spartans/athletes/gavin-williams/football/stats/?careerid=q8lglg0u73uk4,,,,,,,,,,,,,,,,,,,,,,,,,,,,,10,45,18,63,6.3,5.0,,,,,,,,
