player_id,class_field,college_level_projection,uc_score,last,first,effective_school_name,college_enrolled,school_city,state,county,position_played,position_projected,height,weight,wingspan,forty,shuttle,vertical,track60m,track100m,track200m,broad,trackLJ,highJump,trackSP,discus,updated,head_coach,player_head_shot,camp_event_videos,hudl_video_link,college_offers,commit,max_speed_video,query_name,wiki_year,wiki_round,wiki_pick,wiki_team,wiki_pos,wiki_college
85004263,2019,Power 5,0.925,Ekwonu,Ikem,Providence Day School,,Charlotte,NC,Mecklenburg,OG,OG,75.5,288,,5.26,,25.6,,,,,,,,,2021-04-21T19:08:35Z,Adam Hastings,https://s3-us-west-2.amazonaws.com/media.ucreport.com/headshots/Ikem_Ekwonu.jpg,"[{'link': 'https://s3-us-west-2.amazonaws.com/media.ucreport.com/videos/Ikem_Ekwonu.mp4', 'text': 'UA Char 4/29/18'}]",https://www.hudl.com/profile/5673660/ikem-ekwonu,", App State, Charlotte, Georgia Tech, Maryland, Nc State, North Carolina, Syracuse, Tennessee, Vanderbilt, Virginia, West Virginia",,,Ikem Ekwonu,2022,1,6,Carolina Panthers,T,NC State
81000001,2019,Elite Power 5,0.83568281938326,Neal,Evan,IMG Academy,,Bradenton,FL,Manatee,OT,OT,79.5,391,80.0,5.6,5.5,22.7,,,,,,,,,2021-04-30T21:15:35Z,Bobby Acosta,https://s3-us-west-2.amazonaws.com/media.ucreport.com/headshots/Evan_Neal.jpg,"[{'link': 'https://s3-us-west-2.amazonaws.com/media.ucreport.com/videos/Evan_Neal.mp4', 'text': 'UA Future50 12/31/16'}, {'link': 'https://s3-us-west-2.amazonaws.com/media.ucreport.com/videos/Evan_Neal_ORL.mp4', 'text': 'UA 2/26/17'}, {'link': 'https://s3-us-west-2.amazonaws.com/media.ucreport.com/videos/Evan_Neal_Nike.mp4', 'text': 'Nike 2/19/17'}, {'link': 'https://s3-us-west-2.amazonaws.com/media.ucreport.com/videos/Evan_NealF50.mp4', 'text': 'F50 1/4/18'}]",http://www.hudl.com/athlete/5474881/evan-neal,"Alabama, Auburn, Florida Atlantic, Florida State, Georgia, Louisiana State, Maryland, Miami (Fl), Michigan, Missouri, Oklahoma, Oregon, South Carolina, South Florida, Southern California, Southern Miss, Tennessee, Ucla",,,Evan Neal,2022,1,7,New York Giants,T,Alabama
85005717,2019,Elite Power 5,,Cross,Charles,Laurel High School Watkins Campus,,Laurel,MS,Jones,OT,OT,77.0,255,,,,,,,,,,,,,2022-11-22T20:24:46Z,Ryan Earnest,https://s3-us-west-2.amazonaws.com/media.ucreport.com/headshots/Charles_Cross.jpg,"[{'link': 'https://s3-us-west-2.amazonaws.com/media.ucreport.com/videos/Charles_CrossDAL.mp4', 'text': 'UA Dallas 4/8/18'}]",https://www.hudl.com/profile/7835600/Charles-Cross,"Arkansas, Auburn, Florida State, Indiana, Kentucky, Louisiana State, Memphis, Mississippi, Mississippi State, Missouri, Southern California, Tulane, Wake Forest",Mississippi State,,Charles Cross,2022,1,9,Seattle Seahawks,T,Mississippi State
85033853,2018,Power 5,,Linderbaum,Tyler,Solon High School,,Solon,IA,Johnson,DT,DT,74.0,255,,,,,,,,,,,,,2022-11-23T18:46:37Z,Kevin Miller,https://s3-us-west-2.amazonaws.com/media.ucreport.com/headshots/Tyler_Linderbaum.jpg,[],https://www.hudl.com/profile/4470703/Tyler-Linderbaum,"Iowa, Iowa State",Iowa,,Tyler Linderbaum,2022,1,25,Baltimore Ravens,C,Iowa
85030628,2017,Power 5,0.9649305555555556,Ingram,Edward,Desoto High School,,Desoto,TX,Dallas,OG,OG,75.5,327,,5.33,4.84,,,,,,,,,,2021-02-04T20:15:01Z,Jeff Wigington,,[],https://www.hudl.com/profile/4809257/Edward-Ingram,", Alabama, Georgia, Illinois, Iowa State, Kansas State, Mississippi State, Missouri, North Carolina , North Texas, Oklahoma, Smu, Tcu, Texas, Utah",Louisiana State,,Ed Ingram,2022,2,59,Minnesota Vikings,G,LSU
85030910,2019,Elite Power 5,,Petit-Frere,Nicholas,Berkeley Prep School,,Tampa,FL,Hillsborough,OT,OT,78.0,272,,,,,,,,,,,,,2021-04-28T20:29:18Z,Dominic Ciao,https://s3-us-west-2.amazonaws.com/media.ucreport.com/headshots/Nicholas_PetitFrere.jpg,[],https://www.hudl.com/profile/4082321/Nick-PetitFrere,"Alabama, Auburn, Clemson, Florida, Florida State, Georgia, Louisiana State, Miami (Fl), Michigan, Nc State, Nebraska, North Carolina, Notre Dame, Ohio State, Oklahoma, Oregon, Penn State, Southern California, Stanford, Tennessee, Texas, Ucla",Ohio State,,Nicholas Petit-Frere,2022,3,69,Tennessee Titans,T,Ohio State
85030664,2017,Power 5,0.9616740088105726,Lucas,Abraham,Archbishop Murphy High School,,Everett,WA,Snohomish,OT,OT,79.0,256,,5.03,4.3,27.2,,,,,,,,,2021-01-25T19:37:08Z,Jerry Jensen,,[],https://www.hudl.com/profile/3596038/Abraham-Lucas,,Washington State,,Abraham Lucas,2022,3,72,Seattle Seahawks,T,Washington State
85030700,2017,Group of 5,,Parham,Dylan,Carrollton High School,,Carrollton,GA,Carroll,TE,OG,75.0,230,,,,,,,,,,,,,2021-01-26T15:56:35Z,Sean Calhoun,,[],https://www.hudl.com/profile/3634296/Dylan-Parham,West Virginia,Memphis,,Dylan Parham,2022,3,90,Las Vegas Raiders,G,Memphis
85001212,2019,Power 5,0.8334801762114538,Rhyan,Sean,San Juan Hills High School,,San Juan Capistrano,CA,Orange,OT,OT,76.0,311,79.0,5.495,5.153,34.0,,,,101.0,,,,,2021-04-22T15:56:41Z,Rob Frith,https://s3-us-west-2.amazonaws.com/media.ucreport.com/headshots/Sean_Rhyan.JPG,[],http://www.hudl.com/profile/5452498/sean-rhyan,"Arizona State, Cal, Oregon, South Carolina, Southern California, Stanford, Ucla, Utah, Washington",,,Sean Rhyan,2022,3,92,Green Bay Packers,G,UCLA
85000731,2018,Elite Power 5,0.9506944444444444,Faalele,Daniel,IMG Academy,,Bradenton,FL,Manatee,OT,OG,80.0,395,,5.62,5.14,23.0,,,,,,,,,2021-01-27T01:13:34Z,Kevin Wright,https://s3-us-west-2.amazonaws.com/media.ucreport.com/headshots/Daniel_Faalele.jpg,"[{'link': 'https://s3-us-west-2.amazonaws.com/media.ucreport.com/videos/Daniel_Faalele.mp4', 'text': None}, {'link': 'https://s3-us-west-2.amazonaws.com/media.ucreport.com/videos/Daniel_Faalele_Nike.mp4', 'text': None}]",http://www.hudl.com/profile/8315793/daniel-faalele,"Arkansas, Auburn, Florida State, Fresno State, Georgia, Hawaii, Illinois, Louisiana State, Miami (Fl), Michigan, Minnesota, Missouri, Oregon State, Tennessee, Texas State, Utah, Virginia",Minnesota,,Daniel Faalele,2022,4,110,Baltimore Ravens,T,Minnesota
85030862,2018,Group of 5,,Mitchell,Max,Neville High School,,Monroe,LA,Ouachita,OT,OT,78.0,265,,,,,,,,,,,,,2021-05-02T15:45:14Z,Mickey McCarty,https://s3-us-west-2.amazonaws.com/media.ucreport.com/headshots/Max_Mitchell.jpg,[],https://www.hudl.com/profile/4350036/Max-Mitchell,Louisiana State,,,Max Mitchell,2022,4,111,New York Jets,T,Louisiana
85030803,2018,Group of 5,,Burford,Spencer,Karen Wagner High School,,San Antonio,TX,Bexar,OT,OG,77.0,280,,,,,,,,,,,,,2021-01-24T21:29:52Z,Charles Bruce,https://s3-us-west-2.amazonaws.com/media.ucreport.com/headshots/Spencer_Burford.jpg,[],https://www.hudl.com/profile/5359325/Spencer-BurfordWatts,,,,Spencer Burford,2022,4,134,San Francisco 49ers,T,UTSA
85030766,2017,Power 5,,Tom,Zach,Catholic High School,,Baton Rouge,LA,East Baton Rouge,OC,OC,76.0,270,,,,,,,,,,,,,2021-01-26T15:51:36Z,Gabe Fertitta,,[],https://www.hudl.com/profile/3642068/Zach-Tom,,Wake Forest,,Zach Tom,2022,4*,140,Green Bay Packers,G,Wake Forest
85000472,2018,Power 5,0.9599118942731276,Kinnard,Darian,Saint Ignatius High School,,Cleveland,OH,Cuyahoga,OT,OT,78.5,336,,5.55,5.03,28.5,,,,,,,,,2021-01-25T18:43:35Z,Chuck Kyle,https://s3-us-west-2.amazonaws.com/media.ucreport.com/headshots/Dallas_Daniels.jpg,"[{'link': 'https://s3-us-west-2.amazonaws.com/media.ucreport.com/videos/Darian_Kinnard.mp4', 'text': None}]",http://www.hudl.com/profile/6105802/darian-kinnard,"Iowa State, Maryland, Toledo",,,Darian Kinnard,2022,5,145,Kansas City Chiefs,T,Kentucky
84003398,2018,Elite Power 5,0.965625,Salyer,Jamaree,Pace Academy,,Atlanta,GA,Fulton,OG,OG,76.0,342,,5.6,4.9,23.4,,,,,,,,,2021-01-26T20:11:18Z,Chris Slade,https://s3-us-west-2.amazonaws.com/media.ucreport.com/headshots/Jamaree_Salyer.png,"[{'link': 'https://s3-us-west-2.amazonaws.com/media.ucreport.com/videos/Jamaree_Salyer.mp4', 'text': None}]",http://www.hudl.com/athlete/4127619/jamaree-salyer,"Georgia State, Louisiana State, Mississippi, Oklahoma, Stanford, Texas, Virginia",Georgia,,Jamaree Salyer,2022,6,195,Los Angeles Chargers,G,Georgia
84003687,2018,Elite Power 5,0.9431718061674008,Mays,Cade,Knoxville Catholic High School,,Knoxville,TN,Knox,OT,OT,77.5,327,,5.55,4.82,23.0,,,,,,,,,2021-01-25T19:45:12Z,Steve Matthews,https://s3-us-west-2.amazonaws.com/media.ucreport.com/headshots/Cade_MAys.png,[],http://www.hudl.com/athlete/4028628/cade-mays,,Georgia,,Cade Mays,2022,6,199,Carolina Panthers,G,Tennessee
85030566,2017,Elite Power 5,0.9766519823788546,Deculus,Austin,Cy-Fair High School,,Cypress,TX,Harris,OT,OT,78.0,331,,5.09,4.9,30.4,,,,,,,,,2021-02-04T20:06:18Z,Jeff Miller,https://s3-us-west-2.amazonaws.com/media.ucreport.com/headshots/Austin_Deculus.jpg,[],https://www.hudl.com/profile/4331154/Austin-Deculus,"Arkansas, Baylor, Florida, Louisiana State, Miami (Fl), Michigan, Nebraska, Notre Dame, Texas A&M",Louisiana State,,Austin Deculus,2022,6,205,Houston Texans,T,LSU
85002308,2018,Not Rated,,Tenuta,Luke,Western Albemarle High School,,Crozet,VA,Albemarle,DE,,80.0,255,,,,,,,,,,,,,2020-01-27T15:13:46Z,Ed Redmond,,[],https://www.hudl.com/profile/4573893/luke-tenuta,"Buffalo, Central Florida, Charlotte, Colorado State, East Carolina, Eastern Michigan, Kent State, Old Dominion",,,Luke Tenuta,2022,6,209,Buffalo Bills,T,Virginia Tech
84003658,2018,Power 5,,Hines,Chasen,Marshall High School,,Marshall,TX,Harrison,OG,OG,75.0,350,,,,,,,,,,,,,2020-01-27T15:10:53Z,Claude Mathis,https://s3-us-west-2.amazonaws.com/media.ucreport.com/headshots/Chasen_Hines.jpg,[],http://www.hudl.com/athlete/4570420/chasen-hines,,,,Chasen Hines,2022,6,210,New England Patriots,G,LSU
85030689,2017,Power 5,0.943612334801762,Munford,Thayer,Massillon Washington High School,,Massillon,OH,Stark,OT,OT,78.0,343,,5.54,4.88,24.0,,,,,,,,,2021-01-25T20:22:16Z,Nate Moore,,[],https://www.hudl.com/profile/8511488/Thayer-Munford,"Miami (Fl), Michigan State, Minnesota",Ohio State,,Thayer Munford,2022,7,238,Las Vegas Raiders,T,Ohio State
85030565,2017,Power 5,0.8480769230769231,Deaton,Dawson,Frisco High School,,Frisco,TX,Collin,OC,OC,76.5,297,,5.5,4.9,21.4,,,,,,,,,2021-01-26T16:07:53Z,Jeff Harbert,https://s3-us-west-2.amazonaws.com/media.ucreport.com/headshots/Dawson_Deaton.jpg,[],https://www.hudl.com/profile/4824843/Dawson-Deaton,", Army, Boise State, Cal, Colorado, Colorado State, Dartmouth, Houston, Illinois, Iowa State, Kansas, Louisiana Monroe, Mississippi State, New Mexico, Purdue, Texas State, Texas Tech, Troy, Utah",Texas Tech,,Dawson Deaton,2022,7,246,Cleveland Browns,C,Texas Tech
85000316,2019,Elite Power 5,0.9052863436123348,Wright,Darnell,Huntington High School,,Huntington,WV,Cabell,OT,OT,76.0,294,82.0,5.37,4.668,28.0,,,,,,,,,2021-04-26T16:49:04Z,Billy Seals,https://s3-us-west-2.amazonaws.com/media.ucreport.com/headshots/Darnell_Wright.jpg,"[{'link': 'https://s3-us-west-2.amazonaws.com/media.ucreport.com/videos/Darnell_Wright.mp4', 'text': 'UA 4/29/17'}]",http://www.hudl.com/profile/7933411/darnell-wright,"Alabama, Clemson, Florida, Florida State, Georgia, Kentucky, Louisiana State, Louisville, Marshall, Maryland, Miami (Fl), Michigan State, Nebraska, North Carolina, Ohio State, Oklahoma, Oregon, Penn State, Tennessee, West Virginia",Tennessee,,Darnell Wright,2023,1,10,Chicago Bears,T,Tennessee
85006780,2020,Power 5,,Skoronski,Peter,Maine Township South High School,,Park Ridge,IL,Cook,OT,OT,76.0,270,,,,,,,,,,,,,2022-09-07T13:16:10Z,David Inserra,https://s3-us-west-2.amazonaws.com/media.ucreport.com/headshots/peter_skoronski.jpg,[],https://www.hudl.com/profile/7644236/Peter-Skoronski,"Duke, Illinois, Iowa, Michigan, Northwestern, Notre Dame, Penn State, Stanford, Western Michigan",Northwestern,,Peter Skoronski,2023,1,11,Tennessee Titans,T,Northwestern
85002675,2020,Power 5,0.5299559471365638,Harrison,Anton,Archbishop Carroll High School,,Washington,MD,Washington,OT,OT,77.0,310,80.0,5.59,5.2,22.9,,,,,,,,,2023-02-23T20:51:34Z,Robert Harris,https://s3-us-west-2.amazonaws.com/media.ucreport.com/headshots/Anton_Harrison.jpg,[],http://www.hudl.com/profile/7826268/anton-harrison,"East Carolina, Florida International, Florida State, Indiana, Kentucky, Maryland, Michigan, Mississippi, North Carolina, Ohio State, Oklahoma, Penn State, Pittsburgh, Rutgers, Syracuse, Temple, Texas A&M, Virginia, Wake Forest, West Virginia, Wisconsin",Oklahoma,,Anton Harrison,2023,1,27,Jacksonville Jaguars,T,Oklahoma
85010372,2019,Power 5,,Bergeron,Matthew,Cegep du Vieux Montreal,,Thetford Mines,Canada,,OT,OT,77.0,279,,,,,,,,,,,,,2023-02-23T21:17:24Z,,https://s3-us-west-2.amazonaws.com/media.ucreport.com/headshots/Matt_BergeronSYR.jpg,[],http://www.hudl.com/profile/4661763/Matthew-KBergeron,Syracuse,Syracuse,,Matthew Bergeron,2023,2,38,Atlanta Falcons,G,Syracuse
85000894,2019,Group of 5,,Torrence,O'Cyrus,Saint Helena Central High School,Florida,Greensburg,LA,Saint Helena,OT,OG,77.0,320,,,,,,,,,,,,,2023-02-23T21:07:00Z,Brandon Brown,https://s3-us-west-2.amazonaws.com/media.ucreport.com/headshots/OCyrus_Torrance.jpg,[],http://www.hudl.com/profile/6446600/ocyrus-torrence,", Georgia, Louisiana Lafayette, Louisiana State, Louisiana Tech, Middle Tennessee, South Alabama, Southern, Southern Miss",Louisiana Lafayette,,O'Cyrus Torrence,2023,2,59,Buffalo Bills,G,Florida
81000005,2019,Elite Power 5,0.970044052863436,Morris,Wanya,Grayson High School,,Loganville,GA,Gwinnett,OT,OT,77.5,293,86.0,5.04,4.5,28.3,,,,,,,,,2021-04-26T16:40:46Z,Christian Hunnicutt,https://s3-us-west-2.amazonaws.com/media.ucreport.com/headshots/Wanya_Morris.jpg,"[{'link': 'https://s3-us-west-2.amazonaws.com/media.ucreport.com/videos/Wanya_Morris.mp4', 'text': 'UA 5/07/17'}, {'link': 'https://s3-us-west-2.amazonaws.com/media.ucreport.com/videos/Wanya_MorrisF50.mp4', 'text': 'F50 1/4/18'}]",http://www.hudl.com/athlete/6381002/wanya-morris,Tennessee,,,Wanya Morris,2023,3,92,Kansas City Chiefs,T,Oklahoma
85004395,2019,Power 5,0.9704861111111112,Stromberg,Ricky,Tulsa Union High School,,Tulsa,OK,Tulsa,OG,OG,75.0,320,,5.37,4.46,27.9,,,,,,,,,2021-04-22T15:57:46Z,Kirk Fridrich,https://s3-us-west-2.amazonaws.com/media.ucreport.com/headshots/Ricky_Stromberg.jpg,[],https://www.hudl.com/profile/4379512/richard-stromberg,"Arkansas State, Central Michigan, Eastern Michigan, North Texas, Texas State, Tulsa",,,Ricky Stromberg,2023,3*,97,Washington Commanders,C,Arkansas
85002653,2019,Group of 5,0.6160211850380668,Freeland,Blake,Herriman High School,,Herriman,UT,Salt Lake,ATH,ATH,80.0,234,,5.03,4.68,30.4,,,,,,,,,2021-04-19T17:45:50Z,Dustin Pearce,https://s3-us-west-2.amazonaws.com/media.ucreport.com/headshots/Blake_Freeland.png,[],http://www.hudl.com/profile/5115168/blake-freeland,"Byu, Utah, Vanderbilt",,,Blake Freeland,2023,4,106,Indianapolis Colts,T,BYU
85002656,2019,Power 5,,Bradford,Anthony,Muskegon High School,,Muskegon,MI,Muskegon,OT,OT,77.0,320,,,,,,,,,,,,,2021-04-22T15:50:13Z,Shane Fairfield,https://s3-us-west-2.amazonaws.com/media.ucreport.com/headshots/Anthony_Bradford.jpg,[],http://www.hudl.com/profile/8390910/anthony-bradford,"Alabama, Georgia, Kentucky, Louisiana State, Michigan State, Minnesota, Ohio State",Louisiana State,,Anthony Bradford,2023,4,108,Seattle Seahawks,G,LSU
85030816,2018,Group of 5,0.8791666666666667,Daniels,Braeden,Hebron High School,,Carrollton,TX,Denton,OT,OG,75.0,250,,5.19,4.76,28.9,,,,,,,,,2021-01-25T19:44:29Z,Brian Brazil,https://s3-us-west-2.amazonaws.com/media.ucreport.com/headshots/Braeden_Daniels.jpg,[],https://www.hudl.com/profile/4519068/Braeden-Daniels,"Arkansas State, Boise State, Houston, San Diego State, Southern Miss, Texas State, Tulane, Tulsa, Utah, Utah State",Utah,,Braeden Daniels,2023,4,118,Washington Commanders,T,Utah
84003583,2018,Power 5,,McFadden,Jordan,Dorman High School,,Roebuck,SC,Spartanburg,OT,OT,77.0,280,,,,,,,,,,,,,2020-01-27T15:10:40Z,David Gutshall,,[],http://www.hudl.com/athlete/4348278/jordan-mcfadden,,,,Jordan McFadden,2023,5,156,Los Angeles Chargers,G,Clemson
85001962,2019,Power 5,,Richards,Asim,The Haverford Private School,,Haverford,PA,Delaware,DE,DE,77.0,265,,,,,,,,,,,,,2021-04-22T15:49:17Z,Michael Murphy,,[],https://www.hudl.com/profile/5409356/asim-richards,"Rutgers, West Virginia",,,Asim Richards,2023,5*,169,Dallas Cowboys,T,North Carolina
81000020,2019,Power 5,0.5255506607929515,"McClendon, Jr",Warren,Brunswick High School,,Brunswick,GA,Glynn,OT,OT,76.0,304,,5.75,5.2,22.9,,,,,,,,,2021-04-22T15:46:24Z,Sean Pender,https://s3-us-west-2.amazonaws.com/media.ucreport.com/headshots/Warren_McClendon.jpg,"[{'link': 'https://s3-us-west-2.amazonaws.com/media.ucreport.com/videos/Warren_McLendon.mp4', 'text': 'Nike 5/07/17'}]",http://www.hudl.com/athlete/5481268/warren-mcclendon,"Alabama, Auburn, Clemson, Florida, Georgia, Kentucky, Louisiana State, Miami (Fl), Mississippi State, Ohio State, Oklahoma, South Carolina, Tennessee",,,Warren McClendon,2023,5*,174,Los Angeles Rams,T,Georgia
85002296,2018,Power 5,,Duncan,Jaelyn,Saint Frances Academy,,Baltimore,MD,Baltimore,OT,OT,77.0,302,,,,,,,,,,,,,2023-02-23T21:06:52Z,Henry Russell,https://s3-us-west-2.amazonaws.com/media.ucreport.com/headshots/Jaelyn_Duncan.jpg,"[{'link': 'https://s3-us-west-2.amazonaws.com/media.ucreport.com/videos/Jaelyn_Duncan.mp4', 'text': 'UA 6/4/2017'}]",https://www.hudl.com/profile/6217138/jaelyn-duncan,"Florida, Kentucky, Louisiana State, Maryland, Michigan, Mississippi State, Nc State, Ohio State, Penn State, Temple, Tennessee, Ucla, West Virginia",,,Jaelyn Duncan,2023,6,186,Tennessee Titans,T,Maryland
85005583,2020,Elite Power 5,0.6177083333333333,Wypler,Luke,Saint Joseph Regional High School,,Montvale,NJ,Bergen,OG,OG,74.0,284,77.25,,,,,,,,,,,,2022-11-21T20:50:29Z,August Hoffmann,https://s3-us-west-2.amazonaws.com/media.ucreport.com/headshots/Luke_Wypler.jpg,"[{'link': 'https://s3-us-west-2.amazonaws.com/media.ucreport.com/videos/Luke_WyplerF50.mp4', 'text': 'F50 1/3/2019'}]",https://www.hudl.com/profile/5208217/Luke-Wypler,"Duke, Florida, Kentucky, Maryland, Michigan, Mississippi, Nc State, Nebraska, North Carolina, Notre Dame, Ohio State, Penn State, Pittsburgh, Purdue, Rutgers, Stanford, Syracuse, Tennessee, Vanderbilt, Virginia, West Virginia, Wisconsin",Ohio State,,Luke Wypler,2023,6,190,Cleveland Browns,C,Ohio State
85001417,2018,Power 5,,Patterson,Jarrett,Mission Viejo High School,,Mission Viejo,CA,Orange,OT,OT,76.5,267,,,,,,,,,,,,,2020-01-27T15:13:08Z,Chad Johnson,https://s3-us-west-2.amazonaws.com/media.ucreport.com/headshots/Jarrett_Patterson.jpg,"[{'link': 'https://s3-us-west-2.amazonaws.com/media.ucreport.com/videos/Jarrett_Patterson.mp4', 'text': None}]",http://www.hudl.com/profile/5304031/jarrett-patterson,"Arizona, Arizona State, Boise State, Cal, Central Florida, Colorado State, Connecticut, Duke, Fresno State, Hawaii, Indiana, Iowa State, Michigan, Nebraska, Nevada, New Mexico, San Diego State, San Jose State, Tcu, Ucla, Unlv, Utah State, Virginia, Washington State, Wisconsin",Arizona State,,Jarrett Patterson,2023,6,201,Houston Texans,C,Notre Dame
85030837,2018,Group of 5,0.647136563876652,Hodges,Cooper,Baker County High School,,Glen Saint Mary,FL,Baker,OT,OT,74.0,287,,5.49,5.07,27.3,,,,,,,,,2021-01-24T02:59:47Z,Jamie Rodgers,,[],https://www.hudl.com/profile/5260435/Cooper-Hodges,"App State, Central Michigan, Florida Atlantic, Georgia State, Mercer, Samford, Troy",App State,,Cooper Hodges,2023,7,226,Jacksonville Jaguars,T,Appalachian State
85002989,2019,Power 5,,Broeker,Nick,Sacred Heart-Griffin High School,,Springfield,IL,Sangamon,OT,OT,77.0,250,,,,,,,,,,,,,2021-04-29T20:46:51Z,Ken Leonard,https://s3-us-west-2.amazonaws.com/media.ucreport.com/headshots/Nick_Broeker.jpg,[],http://www.hudl.com/profile/5359419/nick-broeker,"Ball State, Central Michigan, Cincinnati, Illinois, Indiana, Kansas, Kentucky, Michigan State, Minnesota, Mississippi, Mississippi State, Missouri, Ohio State, Purdue, Rutgers, Western Michigan",Mississippi,,Nick Broeker,2023,7,230,Buffalo Bills,G,Ole Miss
85024154,2021,Power 5,,Alt,Joe,Totino-Grace High School,,Fridley,MN,Anoka,TE,TE,78.0,235,,,,,,,,,,,,,2020-07-07T12:53:13Z,Jeff Ferguson,https://s3-us-west-2.amazonaws.com/media.ucreport.com/headshots/Joe_Alt.jpg,[],https://www.hudl.com/profile/9945957/Joe-Alt,"Iowa, Iowa State, Kansas State, Minnesota, Missouri, Northwestern, Notre Dame, Rutgers",Notre Dame,,Joe Alt,2024,1,5,Los Angeles Chargers,T,Notre Dame
85010547,2020,Power 5,0.6969162995594713,Fashanu,Olu,Gonzaga College High School,,Washington,DC,Washington,OT,OT,77.0,330,83.5,5.73,5.14,23.1,,,,,,,,,2021-06-09T17:26:08Z,Randy Trivers,https://s3-us-west-2.amazonaws.com/media.ucreport.com/headshots/Olu_Fashanu.jpg,[],http://www.hudl.com/profile/8127432/Olu-Fashanu,"Alabama, Duke, Florida, Georgia, Illinois, Michigan, Michigan State, North Carolina, Ohio State, Oklahoma, Oregon, Penn State, Rutgers, Syracuse, Vanderbilt, Virginia",Penn State,,Olu Fashanu,2024,1,11,New York Jets,T,Penn State
85023691,2020,Power 5,0.8449339207048459,Fuaga,Taliese,Mount Tahoma High School,,Tacoma,WA,Pierce,OT,OT,78.0,329,,5.64,5.336,25.2,,,,94.0,,,,,2020-01-06T15:23:30Z,Leon Hatch,https://s3-us-west-2.amazonaws.com/media.ucreport.com/headshots/Taliese_Fuaga.jpg,[],https://www.hudl.com/profile/9462452/Taliese-Fuaga,"Hawaii, Nevada, Oregon, Oregon State, Southern California",Oregon State,,Taliese Fuaga,2024,1,14,New Orleans Saints,T,Oregon State
85014043,2021,Elite Power 5,,Mims,Amarius,Bleckley County High School,Georgia,Cochran,GA,Bleckley,OT,OT,79.0,316,85.5,,,,,,,,,,,,2022-04-10T23:06:32Z,Von Lassiter,https://s3-us-west-2.amazonaws.com/media.ucreport.com/headshots/Amarius_Mims.jpg,[],http://www.hudl.com/profile/9946000/Amarius-Mims,"Alabama, Auburn, Clemson, Florida, Florida State, Georgia, Georgia Tech, Jackson State, Kentucky, Louisiana State, Mississippi, Mississippi State, Missouri, Nebraska, Oklahoma, Oregon, Penn State, South Carolina, Tennessee, Texas A&M",Georgia,,Amarius Mims,2024,1,18,Cincinnati Bengals,T,Georgia
85004269,2019,Power 5,0.8723208818126148,Fautanu,Troy,Liberty High School,,Henderson,NV,Clark,DE,DE,76.0,260,,5.24,,28.2,,,,,,,,,2021-04-22T15:57:41Z,Rich Muraco,,[],https://www.hudl.com/profile/5520271/troy-fautanu,"Byu, Hawaii, Oregon State, Unlv, Utah, Washington State",,,Troy Fautanu,2024,1,20,Pittsburgh Steelers,T,Washington
85010301,2019,Group of 5,,Morgan,Jordan,Marana High School,,Tucson,AZ,Pima,OT,OT,77.0,265,,,,,,,,,,,,,2021-04-27T02:08:01Z,Louiue Ramirez,https://s3-us-west-2.amazonaws.com/media.ucreport.com/headshots/Jordan_Morgan.jpg,[],http://www.hudl.com/profile/7811114/Jordan-Morgan,"Arizona, Arizona State, Southern California",Arizona,,Jordan Morgan,2024,1,25,Green Bay Packers,T,Arizona
85010652,2020,Power 5,0.9026431718061674,Barton,Graham,Ravenwood High School,,Brentwood,TN,Williamson,OT,OT,76.5,286,78.5,5.45,4.62,31.5,,,,102.0,,,,,2019-06-04T20:54:26Z,Matt Daniels,https://s3-us-west-2.amazonaws.com/media.ucreport.com/headshots/Graham_Barton.JPG,"[{'link': 'https://s3-us-west-2.amazonaws.com/media.ucreport.com/videos/Graham_BartonNike.mp4', 'text': 'Nike Tenn 5/19/19'}]",https://www.hudl.com/profile/7623780/Graham-Barton,"Austin Peay State, Central Michigan, Charlotte, Cincinnati, Duke, Florida Atlantic, Indiana, Kansas, Louisville, Marshall, Memphis, Michigan State, Mississippi State, Missouri, Purdue, Vanderbilt, Virginia, Wake Forest, Washington State",Duke,,Graham Barton,2024,1,26,Tampa Bay Buccaneers,C,Duke
85008397,2020,Group of 5,0.8711805555555556,Frazier,Zach,Fairmont Senior High School,,Fairmont,WV,Marion,OT,OG,74.0,280,78.0,5.47,4.75,25.8,,,,,,,,,2022-11-23T19:12:44Z,Nick Bartic,https://s3-us-west-2.amazonaws.com/media.ucreport.com/headshots/zach_frazier.jpg,[],https://m.hudl.com/profile/7991646/Zach-Frazier,"Louisville, Marshall, Stanford, Wake Forest, West Virginia",West Virginia,,Zach Frazier,2024,2,51,Pittsburgh Steelers,C,West Virginia
85009822,2021,Power 5,0.8597222222222223,Fisher,Blake,Avon High School,,Avon,IN,Hendricks,OT,OG,77.5,336,81.0,5.67,5.13,21.4,,,,,,,,,2020-10-01T13:39:47Z,Mark Bless,https://s3-us-west-2.amazonaws.com/media.ucreport.com/headshots/Blake_Fisher.jpg,[],https://www.hudl.com/profile/9674894/Blake-Fisher,"Alabama, Auburn, Boston College, Duke, Florida State, Georgia, Georgia Tech, Illinois, Indiana, Iowa, Kansas, Kentucky, Louisiana State, Louisville, Michigan, Michigan State, Minnesota, Missouri, Nebraska, Northwestern, Notre Dame, Ohio State, Oklahoma, Oregon, Penn State, Purdue, Southern California, Tennessee, Texas A&M, Toledo, Vanderbilt, Washington State, Wisconsin",Notre Dame,,Blake Fisher,2024,2,59,Houston Texans,T,Notre Dame
85009517,2020,Power 5,,Rosengarten,Roger,Valor Christian School,,Highlands Ranch,CO,Douglas,DT,OT,78.0,275,,,,,,,,,,,,,2019-06-15T11:01:56Z,Ed McCaffrey,https://s3-us-west-2.amazonaws.com/media.ucreport.com/headshots/Roger_Rosengarten.jpg,[],https://www.hudl.com/profile/8450636/Roger-Rosengarten,"Arizona State, Cal, Colorado, Colorado State, Duke, Iowa, Kansas, Kansas State, Miami (Fl), Michigan, Minnesota, Missouri, Nebraska, Notre Dame, Ohio State, Oklahoma, Oklahoma State, Oregon, Penn State, Purdue, Southern California, Ucla, Utah, Washington",Washington,,Roger Rosengarten,2024,2,62,Baltimore Ravens,T,Washington
85004082,2021,Power 5,0.9334801762114536,Suamataia,Kingsley,Orem High School,Oregon,East Orem,UT,Utah,OT,OT,76.5,287,80.0,5.09,4.55,24.7,,,,,,,,,2022-01-03T15:29:23Z,Gabriel Sewell,https://s3-us-west-2.amazonaws.com/media.ucreport.com/headshots/Kingsley_Suamataia.jpg,"[{'link': 'https://s3-us-west-2.amazonaws.com/media.ucreport.com/videos/Kingsley_SuamataiaUA20.mp4', 'text': 'UA AZ 2/23/2020'}]",http://www.hudl.com/profile/6557790/kingsley-suamataia,"Alabama, Arizona, Arizona State, Arkansas, Byu, Cal, Colorado, Florida, Georgia, Hawaii, Louisiana State, Miami (Fl), Michigan, Mississippi, Nebraska, Notre Dame, Ohio State, Oklahoma, Oregon, Oregon State, Penn State, Pittsburgh, Southern California, Stanford, Tennessee, Texas, Texas A&M, Ucla, Utah, Utah State, Virginia, Washington, Washington State, Wisconsin",BYU,,Kingsley Suamataia,2024,2,63,Kansas City Chiefs,T,BYU
85019318,2020,Power 5,,Coleman,Brandon,Trinity Valley Community College ,,Athens,TX,,OT,OT,78.0,320,,,,,,,,,,,,,2019-09-17T12:08:51Z,Sherard Poteete,,[],http://www.hudl.com/profile/11444736/Brandon-Coleman,"Florida State, Houston, Iowa State, Louisiana Monroe, Missouri, Tcu, Tulsa",TCU,,Brandon Coleman,2024,3,67,Washington Commanders,T,TCU
85001184,2019,Power 5,0.9784722222222222,Wallace,Caedan,The Hun School Of Princeton,,Princeton,NJ,Mercer,OG,OG,77.0,313,,5.15,4.89,29.9,,,,,,,,,2021-04-22T15:48:37Z,Todd Smith,https://s3-us-west-2.amazonaws.com/media.ucreport.com/headshots/Caedan_Wallace.jpg,[],http://www.hudl.com/profile/4473074/caedan-wallace,"Florida State, Maryland, Minnesota, Mississippi State, Nebraska, Oklahoma, Penn State, Rutgers, Temple, Virginia",Penn State,,Caedan Wallace,2024,3,68,New England Patriots,T,Penn State
85005538,2019,Power 5,0.8495867768595041,Beebe,Cooper,Piper High School,,Kansas City,KS,Wyandotte,DT,DT,75.0,329,,5.5,4.78,22.0,,,,,,,,,2021-04-22T15:58:13Z,Rick Pollard,https://s3-us-west-2.amazonaws.com/media.ucreport.com/headshots/Cooper_Beebe.jpeg,[],http://www.hudl.com/profile/6112069/Cooper-Beebe,"Kansas, Kansas State, Minnesota",Kansas State,,Cooper Beebe,2024,3,73,Dallas Cowboys,G,Kansas State
85019078,2020,Group of 5,,Amegadjie,Kiran,Hinsdale Central High School,,Hinsdale,IL,Dupage,OT,OT,77.0,260,,,,,,,,,,,,,2019-05-16T16:02:47Z,Dan Hartman,,[],http://www.hudl.com/profile/9567275/Kiran-Amegadjie,"Central Michigan, Indiana State, Southern Illinois",,,Kiran Amegadjie,2024,3,75,Chicago Bears,T,Yale
85007757,2019,Group of 5,0.9329861111111112,Goncalves,Matthew,Eastport South Manor High School,,Manorville,NY,Suffolk,OT,OG,77.0,307,,5.343,4.983,21.3,,,,92.0,,,,,2021-04-22T15:53:40Z,Bill Ashton,,[],,,,,Matt Goncalves,2024,3,79,Indianapolis Colts,T,Pittsburgh
85006608,2020,Power 5,,Zinter,Zak,Buckingham Browne & Nichols H. S.,,Cambridge,MA,Middlesex,OT,OG,77.0,295,,,,,,,,,,,,,2019-11-11T16:21:40Z,Mike Willey,https://s3-us-west-2.amazonaws.com/media.ucreport.com/headshots/zak_z.jpg,[],http://www.hudl.com/profile/9977972/Zak-Zinter,"Auburn, Dartmouth, Duke, Florida, Georgia Tech, Harvard, Iowa, Massachusetts, Miami (Fl), Michigan, Michigan State, Nebraska, Northwestern, Notre Dame, Ohio State, Oregon, Penn State, Pittsburgh, Princeton, Purdue, Rutgers, Syracuse, Tennessee, Ucla, Virginia, West Virginia, Yale",Michigan,,Zak Zinter,2024,3,85,Cleveland Browns,G,Michigan
85008800,2020,Group of 5,,Bortolini,Tanor,Kewaunee High School,,Kewaunee,WI,Kewaunee,OT,OT,76.0,240,,,,,,,,,,,,,2019-05-29T14:26:44Z,Randy Charles,https://s3-us-west-2.amazonaws.com/media.ucreport.com/headshots/Tanor_Bortolini.jpg,[],https://www.hudl.com/profile/7906691/Tanor-Bortolini,"Air Force, Central Michigan, Columbia, Dartmouth, Eastern Kentucky, Illinois State, Iowa, Miami (Fl), North Dakota State, Northern Illinois, South Dakota, South Dakota State, Syracuse, Temple, Western Michigan, Wisconsin, Yale",Wisconsin,,Tanor Bortolini,2024,4,117,Indianapolis Colts,C,Wisconsin
85001904,2019,Power 5,0.9614583333333332,Monk,Jacob,Corinth Holders High School,,Wendell,NC,Wake,OG,OG,75.0,300,,5.17,4.7,29.6,,,,,,,,,2021-04-22T15:49:12Z,Adam Khavari,,[],http://www.hudl.com/profile/7907744/jacob-monk,"Duke, East Carolina, Nc State, Oregon, South Carolina, Tennessee, Virginia, Wake Forest, West Virginia",Duke,,Jacob Monk,2024,5,163,Green Bay Packers,C,Duke
81002684,2019,Power 5,,Keegan,Trevor,Crystal Lake South High School,,Crystal Lake,IL,McHenry,OT,OT,77.75,299,,,,,,,,,,,,,2021-04-22T15:47:13Z,Rob Fontana,https://s3-us-west-2.amazonaws.com/media.ucreport.com/headshots/Trevor_Keegan.jpg,"[{'link': 'https://s3-us-west-2.amazonaws.com/media.ucreport.com/videos/Trevor_Keegan.mp4', 'text': 'UA 4/23/17'}]",http://www.hudl.com/athlete/6020999/trevor-keegan,"Arkansas, Central Michigan, Illinois, Iowa, Iowa State, Michigan State, Minnesota, Northwestern, Oregon, Penn State, Purdue, Tcu, Vanderbilt, Wisconsin",,,Trevor Keegan,2024,5*,172,Philadelphia Eagles,G,Michigan
85008036,2019,Power 5,0.8303964757709251,Rouse,Walter,Sidwell Friends School,Oklahoma,Washington,MD,Washington,OT,OT,78.0,276,,,5.0,26.0,,,,,,,,,2023-01-12T12:18:11Z,John Simon,https://s3-us-west-2.amazonaws.com/media.ucreport.com/headshots/Walter_Rouse.jpg,[],https://www.hudl.com/profile/6079654/Walter-Rouse,"Boston College, Central Michigan, Connecticut, Duke, Florida, Illinois, Indiana, Maryland, Michigan State, Nebraska, Northwestern, Notre Dame, Ohio State, Oklahoma, Penn State, Pittsburgh, Rutgers, Stanford, Syracuse, Tennessee, Vanderbilt, Virginia, Wake Forest",Stanford,,Walter Rouse,2024,6,177,Minnesota Vikings,T,Oklahoma
85001402,2019,Power 5,,Laumea,Sataoa,Eisenhower High School,,Rialto,CA,San Bernardino,OT,OG,76.0,305,,,,,,,,,,,,,2021-04-22T15:56:47Z,Alvin Brown,,[],http://www.hudl.com/profile/6621369/sataoa-laumea,"Byu, San Jose State",,,Sataoa Laumea,2024,6,179,Seattle Seahawks,G,Utah
85002605,2019,Power 5,0.903846153846154,McMahon,Dylan,Savannah Christian Prep School,,Savannah,GA,Chatham,OC,OC,74.0,289,75.0,5.539,4.535,25.5,,,,98.0,,,,,2021-04-22T15:50:07Z,Baker woodward,https://s3-us-west-2.amazonaws.com/media.ucreport.com/headshots/Dylan_McMahon.jpg,[],http://www.hudl.com/profile/5318511/dylan-mcmahon,"Boston College, Florida Atlantic, Georgia State, Indiana, South Florida",,,Dylan McMahon,2024,6,190,Philadelphia Eagles,C,NC State
85002627,2019,Power 5,0.9517361111111112,Mahogany,Christian,Paramus Catholic High School,,Paramus,NJ,Bergen,OT,OG,75.5,334,81.0,5.6,4.809,25.2,,,,95.0,,,,,2022-11-18T19:14:36Z,John Whitehead,,[],https://www.hudl.com/profile/5359542/christian-mahogany,"Boston College, Buffalo, Central Michigan, Cincinnati, Kent State, Massachusetts, Ohio, Pittsburgh, Rutgers, Syracuse, Vanderbilt, Virginia",,,Christian Mahogany,2024,6*,210,Detroit Lions,G,Boston College
85005287,2019,Power 5,,Limmer,Beaux,Tyler Legacy High School,,Tyler,TX,Smith,OT,OT,77.0,250,,,,,,,,,,,,,2021-04-22T15:58:01Z,Joe Willis,,[],https://www.hudl.com/profile/6053729/Beaux-Limmer,"Arkansas, Arkansas State, Baylor, Houston, North Texas, Northwestern, Oklahoma State, Smu, Vanderbilt",Arkansas,,Beaux Limmer,2024,6*,217,Los Angeles Rams,C,Arkansas
85005449,2019,Group of 5,,Samac,Nick,Mentor High School,,Mentor,OH,Lake,OG,OG,76.0,260,,,,,,,,,,,,,2021-04-22T15:51:51Z,Matt Gray,,[],https://www.hudl.com/profile/5282147/Nick-Samac,"Ball State, Bowling Green, Buffalo",,,Nick Samac,2024,7,228,Baltimore Ravens,C,Michigan State
85010505,2019,Group of 5,,Lee,Matt,Rockledge High School,Miami (FL),Rockledge,FL,Brevard,OT,OG,75.0,285,,,,,,,,,,,,,2023-01-09T12:15:57Z,Wayne Younger,https://s3-us-west-2.amazonaws.com/media.ucreport.com/headshots/Matt_Lee19.jpg,[],https://www.hudl.com/profile/6600660/Matt-Lee,"Air Force, Army, Central Florida, South Florida",Central Florida,,Matt Lee,2024,7,237,Cincinnati Bengals,C,Miami (FL)
85008120,2019,Group of 5,0.9272727272727272,Ezirim,Josiah,Hilliard Davidson High School,,Hilliard,OH,Franklin,DE,DT,78.0,255,,5.021,5.021,27.3,,,,105.0,,,,,2021-04-22T15:54:03Z,Brian White,,[],,,,,Josiah Ezirim,2024,7,239,New Orleans Saints,T,Eastern Kentucky
85009943,2019,Power 5,,Hanson,C.J.,Saint John Vianney High,,Holmdel,NJ,Monmouth,OG,OG,76.0,295,,,,,,,,,,,,,2021-04-22T15:54:44Z,Derek Sininsky,https://s3-us-west-2.amazonaws.com/media.ucreport.com/headshots/CJ_Hanson.jpg,[],https://www.hudl.com/profile/7524926/Cj-Hanson,"Buffalo, Central Michigan, Connecticut, Kent State, Marshall, Massachusetts, Old Dominion, Rutgers, Syracuse, Temple, Virginia, Western Michigan",Rutgers,,C. J. Hanson,2024,7,248,Kansas City Chiefs,G,Holy Cross
85009157,2019,Power 5,,Henderson,Ladarius,Waxahachie High School,Arizona State,Waxahachie,TX,Ellis,OT,OT,76.0,270,,,,,,,,,,,,,2022-12-10T13:32:53Z,Jon Kitna,https://s3-us-west-2.amazonaws.com/media.ucreport.com/headshots/LaDarius_Henderson.jpg,[],https://www.hudl.com/profile/9291534/LaDarius-Henderson,"Arizona State, Army, Boise State, New Mexico State, North Texas",,,LaDarius Henderson,2024,7,249,Houston Texans,G,Michigan
85023051,2022,Power 5,,Campbell,Will,Neville High School,,Monroe,LA,Ouachita,OT,OT,77.5,284,,,,,,,,,,,,,2022-04-01T12:00:07Z,Jeff Tannehill,https://s3-us-west-2.amazonaws.com/media.ucreport.com/headshots/Will_Campbell.jpg,"[{'link': 'https://s3-us-west-2.amazonaws.com/media.ucreport.com/videos/Will_CampbellSF50.mp4', 'text': 'Future 50 6/13/2021'}]",http://www.hudl.com/profile/12516671/Will-Campbell,"Alabama, Arizona State, Arkansas, Auburn, Baylor, Colorado, Florida, Florida Atlantic, Florida State, Georgia, Georgia Tech, Houston, Louisiana Lafayette, Louisiana Monroe, Louisiana State, Louisiana Tech, Maryland, Miami (Fl), Nebraska, Nicholls State, Notre Dame, Oklahoma, Oklahoma State, Oregon, Penn State, Southern, Southern California, Southern Miss, Tcu, Tennessee, Texas, Texas A&M, Texas Tech, Tulane, Vanderbilt, Virginia",Louisiana State,,Will Campbell,2025,1,4,New England Patriots,T,LSU
85031359,2022,Power 5,0.9274305555555556,Membou,Armand,Lees Summit North High School,,Lees Summit,MO,Jackson,OG,OG,75.0,298,78.5,5.12,5.04,24.8,,,,102.0,,,,,2021-12-08T21:08:28Z,Jamar Mozee,https://s3-us-west-2.amazonaws.com/media.ucreport.com/headshots/Armand_Membou.jpg,"[{'link': 'https://s3-us-west-2.amazonaws.com/media.ucreport.com/videos/Armand_MembouUASTL21.mp4', 'text': 'UC STL 5/16/2021'}]",https://www.hudl.com/profile/14791714/Armand-Membou,"Arkansas, Buffalo, Iowa, Iowa State, Kansas, Kansas State, Miami (Oh), Missouri, Nebraska, Oregon",Missouri,,Armand Membou,2025,1,7,New York Jets,T,Missouri
85019365,2022,Elite Power 5,0.9061674008810572,Banks Jr.,Kelvin,Summer Creek High School,,Houston,TX,Harris,OT,OT,77.0,313,83.0,5.38,4.81,20.0,,,,96.0,,,,,2022-05-03T15:29:33Z,Kenny Harrison,https://s3-us-west-2.amazonaws.com/media.ucreport.com/headshots/Kelvin_Banks.jpg,"[{'link': 'https://s3-us-west-2.amazonaws.com/media.ucreport.com/videos/Kelvin_BanksUC.mp4', 'text': 'ESPN OK 7/18/2020'}, {'link': 'https://s3-us-west-2.amazonaws.com/media.ucreport.com/videos/Kelvin_BanksDAL21.mp4', 'text': 'UA Dallas 3/14/2021'}]",https://www.hudl.com/profile/11699844/Kelvin-Banks-jr,"Alabama, Arizona State, Arkansas, Auburn, Baylor, Colorado, Florida, Florida State, Georgia Tech, Houston, Louisiana State, Maryland, Miami (Fl), Mississippi, Missouri, Oklahoma, Oklahoma State, Oregon, Southern California, Tcu, Tennessee, Texas, Texas A&M, Texas Tech, Utah",Texas,,Kelvin Banks Jr.,2025,1,9,New Orleans Saints,T,Texas
85009919,2022,Elite Power 5,0.9515418502202644,Booker,Tyler,IMG Academy,,Bradenton,CT,Manatee,DT,OT,77.1,328,83.5,5.41,4.9,26.5,,,,94.0,,,,,2021-10-15T18:39:58Z,Pepper Johnson,https://s3-us-west-2.amazonaws.com/media.ucreport.com/headshots/Tyler_Booker.jpg,"[{'link': 'https://s3-us-west-2.amazonaws.com/media.ucreport.com/videos/Tyler_BookerUA20.mp4', 'text': 'UA Orlando 3/1/2020'}, {'link': 'https://s3-us-west-2.amazonaws.com/media.ucreport.com/videos/Tyler_BookerIMG21.mp4', 'text': 'IMG Pro 3/4/2021'}, {'link': 'https://s3-us-west-2.amazonaws.com/media.ucreport.com/videos/Tyler_BookerATL21.mp4', 'text': 'UA ATL 3/21/2021'}, {'link': 'https://s3-us-west-2.amazonaws.com/media.ucreport.com/videos/Tyler_BookerSF50.mp4', 'text': 'Future 50 6/13/2021'}]",http://www.hudl.com/profile/11263059/Tyler-Booker,"Alabama, Arizona State, Auburn, Duke, Florida, Florida State, Georgia, Georgia Tech, Indiana, Louisiana State, Louisville, Miami (Fl), Michigan, Michigan State, Mississippi, Mississippi State, Notre Dame, Ohio State, Oklahoma, Oregon, Penn State, Rutgers, Southern California, Tennessee, Texas, Texas A&M, Vanderbilt, Virginia, Virginia Tech",Alabama,,Tyler Booker,2025,1,12,Dallas Cowboys,G,Alabama
85019325,2020,Group of 5,,Zabel,Grey,T. F. Riggs High School,,Pierre,SD,Hughes,OT,OT,77.0,240,,,,,,,,,,,,,2019-07-17T12:01:04Z,Steve Steele,,[],https://www.hudl.com/profile/8299651/Grey-Zabel,"North Dakota State, South Dakota, South Dakota State",North Dakota State,,Grey Zabel,2025,1,18,Seattle Seahawks,G,North Dakota State
85011555,2022,Power 5,0.9159722222222222,Conerly Jr.,Josh,Rainier Beach High School,,Seattle,WA,King,OT,OG,76.0,260,82.5,5.33,4.87,25.5,,,,,,,,,2021-11-29T16:58:05Z,Corey Sampson,https://s3-us-west-2.amazonaws.com/media.ucreport.com/headshots/Josh_ConerlyJr.JPG,"[{'link': 'https://s3-us-west-2.amazonaws.com/media.ucreport.com/videos/Joshua_ConerlyNike.mp4', 'text': 'Nike OR 10/25/2020'}]",https://www.hudl.com/profile/11695341/Josh-Conerly,"Alabama, Arizona, Arizona State, Auburn, Baylor, Boise State, Byu, Cal, Colorado, Florida Atlantic, Indiana, Louisiana State, Miami (Fl), Michigan, Nebraska, Nevada, Northwestern, Oklahoma, Oregon, Oregon State, Penn State, Southern California, Stanford, Tennessee, Texas, Ucla, Utah, Vanderbilt, Washington, Washington State",Oregon,,Josh Conerly Jr.,2025,1,29,Washington Commanders,T,Oregon
85014125,2021,Power 5,0.6361111111111111,Simmons,Josh,Madison High School,Ohio State,San Diego,CA,San Diego,OG,OG,75.0,331,80.0,5.73,5.699,20.3,,,,,,,,,2023-05-01T13:21:59Z,Rick Jackson,https://s3-us-west-2.amazonaws.com/media.ucreport.com/headshots/Joshua_Simmons.jpg,"[{'link': 'https://s3-us-west-2.amazonaws.com/media.ucreport.com/videos/Joshua_SimmonsLA.mp4', 'text': 'UA LA 3/3/2019'}]",http://www.hudl.com/profile/10293032/Josh-Simmons,", Arizona, Arizona State, Arkansas, Boise State, Colorado, Duke, Georgia, Illinois, Kentucky, Miami (Fl), Michigan, Michigan State, Nebraska, Oklahoma, Oklahoma State, Oregon, Oregon State, Penn State, San Diego State, Southern California, Syracuse, Ucla, Utah, Utah State, Washington, Washington State",San Diego State,,Josh Simmons,2025,1,32,Kansas City Chiefs,T,Ohio State
85028484,2022,Power 5,,Savaiinaea,Jonah,Saint Louis School,,Honolulu,HI,Honolulu,OG,OG,76.0,330,,,,,,,,,,,511.5,,2021-12-07T18:58:26Z,Ron Lee,https://s3-us-west-2.amazonaws.com/media.ucreport.com/headshots/Jonah_Savaiinaea.jpg,[],https://www.hudl.com/profile/11284243/Jonah-Savaiinaea,", Arizona, Arizona State, Central Florida, Hawaii, San Diego State, Syracuse, Unlv",Arizona,,Jonah Savaiinaea,2025,2,37,Miami Dolphins,G,Arizona
85020171,2020,Group of 5,,Ersery,Aireontae,Ruskin High School,,Kansas City,MO,Jackson,OT,OT,76.0,270,,,,,,,,,,,,,2023-05-12T21:58:05Z,Williams Perkins,,[],http://www.hudl.com/profile/9720677/Aireontae-Ersery,"Ball State, Eastern Kentucky, Kansas, Kansas State, Kent State, Minnesota, Northern Iowa, South Dakota",Minnesota,,Aireontae Ersery,2025,2,48,Houston Texans,T,Minnesota
85029728,2021,Power 5,,Belton,Anthony,Georgia Military College,,,GA,,OT,OT,78.0,320,,,,,,,,,,,,,2020-11-30T19:43:39Z,,,[],https://www.hudl.com/profile/4701337/Anthony-Belton,"Alcorn State, East Carolina, Florida Atlantic, Houston, Jackson State, Nc State, North Texas, South Carolina, Tcu, UAB, West Virginia",NC State,,Anthony Belton,2025,2,54,Green Bay Packers,T,NC State
85013301,2020,Group of 5,,Trapilo,Ozzy,Boston College High School,,Boston,MA,Suffolk,OT,OT,80.0,266,,,,,,,,,,,,,2019-07-18T15:47:52Z,Jonathan Brillo,,[],https://a.hudl.com/profile/9879583/Ozzy-Trapilo,"Connecticut, Dartmouth, Duke, Georgia Tech, Louisville, Massachusetts, Michigan, Nebraska, Northwestern, Princeton, Rutgers, Syracuse, Vanderbilt, Virginia, Wake Forest, Yale",Boston College,,Ozzy Trapilo,2025,2,56,Chicago Bears,T,Boston College
85001931,2020,Power 5,0.9594713656387666,Ratledge,Tate,Darlington School,,Rome,GA,Floyd,OT,OT,78.5,322,80.0,5.3,4.68,25.1,,,,,,,,,2021-06-09T17:26:08Z,Tommy Atha,https://s3-us-west-2.amazonaws.com/media.ucreport.com/headshots/tate_rat.jpg,[],http://www.hudl.com/profile/4581451/tate-ratledge,"Alabama, Auburn, Florida, Georgia, Louisiana State, Michigan, Mississippi, Mississippi State, Penn State, South Carolina, Tennessee, West Virginia",Georgia,,Tate Ratledge,2025,2,57,Detroit Lions,G,Georgia
85021045,2021,Power 5,,Fairchild,Dylan,West Forsyth High School,,Cumming,GA,Forsyth,OT,OT,76.0,275,,,,,,,,,,,,,2021-01-12T17:56:40Z,David Svehla,https://s3-us-west-2.amazonaws.com/media.ucreport.com/headshots/Dylan_Fairchild.jpg,[],https://www.hudl.com/profile/12090351/Dylan-Fairchild,"Alabama, App State, Arkansas, Auburn, East Carolina, Florida State, Georgia, Georgia Tech, Louisiana State, Louisville, Minnesota, Mississippi State, North Carolina, Penn State, South Carolina, Tennessee, Texas A&M, Virginia",Georgia,,Dylan Fairchild,2025,3,81,Cincinnati Bengals,G,Georgia
85010245,2021,Power 5,,Milum,Wyatt,Spring Valley High School,,Huntington,WY,Cabell,OT,OT,79.0,265,,,,,,,,,,,,,2020-03-09T12:22:17Z,Brad Dingess,https://s3-us-west-2.amazonaws.com/media.ucreport.com/headshots/Wyatt_Milum.jpg,[],http://www.hudl.com/profile/11425468/Wyatt-Milum,"Alabama, Cincinnati, Florida State, Georgia, Illinois, Kentucky, Louisville, Marshall, Michigan, Michigan State, Nc State, Notre Dame, Ohio State, Oregon, Penn State, Tennessee, Virginia, West Virginia",West Virginia,,Wyatt Milum,2025,3,89,Jacksonville Jaguars,G,West Virginia
85006758,2020,Power 5,0.6224669603524229,Rogers,Caleb,Lake Ridge High School,,Mansfield,TX,Tarrant,OT,OT,76.0,268,79.0,5.35,4.84,25.6,,,,94.0,,,,,2019-05-13T14:22:23Z,Kirk Thor,https://s3-us-west-2.amazonaws.com/media.ucreport.com/headshots/Caleb_Rogers.jpg,[],http://www.hudl.com/profile/8180127/Caleb-Rogers,"Arkansas State, Georgia Tech, Louisiana Monroe, New Mexico, Texas Tech, William & Mary",Texas Tech,,Caleb Rogers,2025,3*,98,Las Vegas Raiders,G,Texas Tech
85008784,2020,Group of 5,,Travis,Jalen,De La Salle High School,Princeton,Minneapolis,MN,Hennepin,OT,OT,78.0,240,,,,,,,,,,,,,2023-12-06T15:03:03.992Z,Cj Hallman,https://s3-us-west-2.amazonaws.com/media.ucreport.com/headshots/Jalen_Travis.jpg,[],http://www.hudl.com/profile/6075824/Jalen-Travis,"Indiana State, Iowa State, Massachusetts, Minnesota, Northern Iowa, Princeton, Yale",Princeton,"{'text': '', 'link': ''}",Jalen Travis,2025,4,127,Indianapolis Colts,T,Iowa State
85009004,2020,FCS,,Vinson,Carson,Panther Creek High School,,Cary,NC,Wake,OG,OG,77.0,283,,,,,,,,,,,,,2019-05-29T20:15:17Z,Sean Crocker,,[],https://www.hudl.com/profile/8087532/Carson-Vinson,Alabama A&M,Alabama A&M,,Carson Vinson,2025,5,141,Baltimore Ravens,T,Alabama A&M
85000512,2020,Elite Power 5,0.9162995594713657,Rivers,Jalen,Oakleaf High School,,Orange Park,FL,Clay,OT,OT,78.0,332,85.0,5.55,5.09,31.2,,,,,,,,,2021-06-09T17:26:08Z,Frank Garis,https://s3-us-west-2.amazonaws.com/media.ucreport.com/headshots/Jalen_Rivers.jpg,"[{'link': 'https://s3-us-west-2.amazonaws.com/media.ucreport.com/videos/Jalen_Rivers.mp4', 'text': 'UA Orlando 2/26/17'}, {'link': 'https://s3-us-west-2.amazonaws.com/media.ucreport.com/videos/Jalen_RiversORL.mp4', 'text': 'UA Orlando 3/25/18'}, {'link': 'https://s3-us-west-2.amazonaws.com/media.ucreport.com/videos/Jalen_RiversF50.mp4', 'text': 'F50 1/3/2019'}]",http://www.hudl.com/profile/2788975/jalen-rivers,"Alabama, Auburn, Clemson, Florida, Florida State, Georgia, Georgia Tech, Louisville, Memphis, Miami (Fl), Michigan, Mississippi, Mississippi State, Penn State, South Alabama, South Carolina, South Florida, Temple, Tennessee, Texas",Miami (FL),,Jalen Rivers,2025,5,153,Cincinnati Bengals,G,Miami (FL)
85022156,2021,Power 5,,Mbow,Marcus,Wauwatosa East High School,,Wauwatosa,WI,Milwaukee,OT,OT,78.0,285,,,,,,,,,,,,,2020-10-20T15:13:35Z,Matt Kender,https://s3-us-west-2.amazonaws.com/media.ucreport.com/headshots/Marcus_Mbow.jpg,[],http://www.hudl.com/profile/10229335/Marcus-Mbow,"Arizona, Arizona State, Arkansas, Bowling Green, Buffalo, Central Michigan, Eastern Michigan, Indiana, Iowa, Iowa State, Kansas, Michigan State, Nebraska, Oregon State, Purdue, Toledo, Virginia, West Virginia, Western Kentucky, Western Michigan, Wyoming",Purdue,,Marcus Mbow,2025,5,154,New York Giants,G,Purdue
85021162,2021,FCS,0.214236111111111,Slater,Jackson,Newport High School,,Newport,WA,Pend Oreille,OG,OG,73.0,277,,6.045,5.401,18.7,,,,84.0,,,,,2020-10-14T14:51:04Z,David Pamonte,https://s3-us-west-2.amazonaws.com/media.ucreport.com/headshots/Jackson_Slater.jpg,[],https://www.hudl.com/profile/3503801/Jackson-Slater,"Columbia, Cornell, Davidson, Eastern Washington, Georgetown, Sacramento State, San Diego",Sacramento State,,Jackson Slater,2025,5,167,Tennessee Titans,G,Sacramento State
85011188,2021,Power 5,,Kendall,Andrew,Noble & Greenough School,,Dedham,MA,Norfolk,OG,OG,75.0,255,,,,,,,,,,,,,2020-10-06T19:46:50Z,Panos Voulgaris,https://s3-us-west-2.amazonaws.com/media.ucreport.com/headshots/Drew_Kendall.jpg,[],http://www.hudl.com/profile/10048040/Drew-Kendall,"Dartmouth, Duke, Maryland, Massachusetts, Michigan, Nc State, Nebraska, Penn State, Stanford, Syracuse, Vanderbilt, Virginia, Virginia Tech, West Virginia",Boston College,,Drew Kendall,2025,5,168,Philadelphia Eagles,C,Boston College
84003780,2020,Elite Power 5,,Hinton,Myles,Greater Atlanta Christian School,Michigan,Norcross,GA,Gwinnett,OT,OT,78.0,323,,,,,,,,,,,,,2022-12-18T23:00:52Z,Tim Hardy,https://s3-us-west-2.amazonaws.com/media.ucreport.com/headshots/Myles_Hinton.jpg,[],https://www.hudl.com/profile/7505158/myles-hinton,"Alabama, Florida, Georgia, Maryland, Miami (Fl), Michigan, Michigan State, Mississippi, Ohio State, Oklahoma, Southern California, Stanford, Tennessee",Stanford,,Myles Hinton,2025,6,191,Philadelphia Eagles,T,Michigan
85012894,2020,Power 5,,Newman,Luke,Brother Rice High School,Holy Cross,Bloomfield Hills,MI,Oakland,OT,OT,76.0,260,,,,,,,,,,,,,2024-04-19T15:07:25.985Z,Adam Korzeniewski,https://s3-us-west-2.amazonaws.com/media.ucreport.com/headshots/Luke_Newman.jpg,[],https://www.hudl.com/profile/8091282/Luke-Newman,"Holy Cross, Navy",Michigan State,"{'text': '', 'link': ''}",Luke Newman,2025,6,195,Chicago Bears,G,Michigan State
85046983,2020,Group of 5,,Cornelius,Ajani,Archbishop Stepinac High School,Oregon,White Plains,NY,Westchester,OG,OG,76.0,315,,,,,,,,,,,,,2022-12-27T12:47:36Z,Michael O'Donnell,https://s3-us-west-2.amazonaws.com/media.ucreport.com/headshots/Ajani_Cornelius.jpg,[],https://www.hudl.com/profile/8213231/Ajani-Cornelius,", Bryant, Hampton, Howard, Morgan State, Rhode Island, Syracuse",Rhode Island,,Ajani Cornelius,2025,6,204,Dallas Cowboys,T,Oregon
85001946,2021,Power 5,0.7356828193832599,Conner,Hayden,James E. Taylor High School,,Katy,TX,Harris,OT,OT,77.5,317,79.0,5.49,4.74,21.9,,,,,,,,,2022-05-27T17:42:15Z,Chad Simmons,https://s3-us-west-2.amazonaws.com/media.ucreport.com/headshots/Hayden_Conner.JPG,"[{'link': 'https://s3-us-west-2.amazonaws.com/media.ucreport.com/videos/Hayden_ConnerHOU.mp4', 'text': 'UA Houston 4/15/18'}, {'link': 'https://s3-us-west-2.amazonaws.com/media.ucreport.com/videos/Hayden_ConnerTEST.mp4', 'text': 'UA Houston Testing'}, {'link': 'https://s3-us-west-2.amazonaws.com/media.ucreport.com/videos/Hayden_ConnerHOU19.mp4', 'text': 'UA Houston 2/17/2019'}]",http://www.hudl.com/profile/8972226/Hayden-Conner,"Baylor, Colorado, Florida State, Georgia, Houston, Indiana, Kansas State, Louisiana State, Miami (Fl), Michigan, Missouri, Nebraska, Oklahoma, Oklahoma State, Syracuse, Texas, Texas A&M, Vanderbilt, Wisconsin",Texas,,Hayden Conner,2025,6*,211,Arizona Cardinals,G,Texas
85026752,2021,Not Rated,,Nelson,Jack,Skyline High School,,Mesa,AZ,Maricopa,QB,,76.0,190,,,,,,,,,,,,,2020-10-15T14:27:43Z,Angelo Paffumi,https://s3-us-west-2.amazonaws.com/media.ucreport.com/headshots/Jack_Nelson21.jpg,[],https://www.hudl.com/profile/7885902/Jack-Nelson/about,,,,Jack Nelson,2025,7,218,Atlanta Falcons,T,Wisconsin
85014072,2020,Group of 5,0.6766519823788546,Bryant,Marcus,Cedar Ridge High School,SMU,Round Rock,TX,Williamson,OT,OT,78.0,232,79.0,5.371,5.194,31.5,,,,102.0,,,,,2024-02-21T15:08:45.464Z,Samuel Robinson,https://s3-us-west-2.amazonaws.com/media.ucreport.com/headshots/Marcus_BryantTX20.jpg,[],https://www.hudl.com/profile/8290291/Marcus-Bryant,"Incarnate Word, Smu",Missouri,,Marcus Bryant,2025,7,220,New England Patriots,T,Missouri
85009079,2020,Power 5,0.3673611111111111,Monheim,Jonah,Moorpark High School,,Moorpark,CA,Ventura,OT,OG,76.5,278,75.0,5.76,5.104,18.5,,,,,,,,,2019-08-26T00:46:15Z,Ryan Huisenga,https://s3-us-west-2.amazonaws.com/media.ucreport.com/headshots/Jonah_Monheim.jpg,"[{'link': 'https://s3-us-west-2.amazonaws.com/media.ucreport.com/videos/Jonah_MonheimLA.mp4', 'text': 'UA LA 3/3/2019'}]",https://www.hudl.com/profile/1860178/Jonah-Monheim,"Alabama, Arizona, Arizona State, Auburn, Cal, Columbia, Dartmouth, Harvard, Indiana, Kansas State, Michigan, Michigan State, Nevada, Notre Dame, Oklahoma, Oregon, Oregon State, Penn State, Pittsburgh, Princeton, San Diego State, Southern California, Stanford, Tcu, Utah, Vanderbilt, Virginia, Washington, Washington State, Yale",Southern California,,Jonah Monheim,2025,7,221,Jacksonville Jaguars,C,USC
85016859,2020,Group of 5,,Richman,Mason,Blue Valley High School,,Overland Park,KS,Johnson,DE,DE,78.0,252,,,,,,,,,,,,,2019-06-13T16:09:24Z,Allen Terrell,,[],http://www.hudl.com/profile/7936605/Mason-Richman,"Air Force, Akron, Ball State, Illinois State, Iowa, Kansas, Kent State, North Dakota, Northern Illinois, Ohio, South Dakota, South Dakota State, Toledo",Iowa,,Mason Richman,2025,7,234,Seattle Seahawks,T,Iowa
85006649,2021,Elite Power 5,0.7140969162995594,Dellinger,Garrett,Clarkston High School,,Clarkston,MI,Oakland,OG,OT,76.75,279,79.0,,4.62,,,,,,,,,,2020-06-25T00:05:14Z,Kurt Richardson,https://s3-us-west-2.amazonaws.com/media.ucreport.com/headshots/Garrett_Dellinger.jpg,"[{'link': 'https://s3-us-west-2.amazonaws.com/media.ucreport.com/videos/Garrett_DellingerF50.mp4', 'text': 'Future 50 1/2/2020'}]",http://www.hudl.com/profile/4168497/Garrett-Dellinger,"Alabama, Arizona State, Auburn, Florida, Kentucky, Louisiana State, Michigan, Michigan State, Minnesota, Northwestern, Notre Dame, Ohio State, Penn State, Syracuse, Toledo, Wisconsin",Louisiana State,,Garrett Dellinger,2025,7,243,Baltimore Ravens,G,LSU
85010054,2021,Power 5,0.9041666666666668,Colby,Connor,John F. Kennedy High School,,Cedar Rapids,IA,Linn,OG,OG,77.0,268,78.0,5.26,4.57,26.3,,,,,,,,,2020-12-15T17:31:54Z,Brian White,https://s3-us-west-2.amazonaws.com/media.ucreport.com/headshots/Connor_Colby.jpg,[],https://www.hudl.com/profile/9688467/Connor-Colby,"Iowa, Iowa State, Michigan, Michigan State, Minnesota, Nebraska, Ohio State, Virginia Tech",Iowa,,Connor Colby,2025,7*,249,San Francisco 49ers,G,Iowa
81002640,2019,Elite Power 5,0.826431718061674,Green,Kenyon,Atascocita High School,,Humble,TX,Harris,OT,OT,77.0,317,84.0,5.56,5.27,25.6,,,,,,,,,2021-04-26T17:04:24Z,Craig Stump,https://s3-us-west-2.amazonaws.com/media.ucreport.com/headshots/Kenyon_Green.JPG,"[{'link': 'https://s3-us-west-2.amazonaws.com/media.ucreport.com/videos/Kenyon_Green_Nike.mp4', 'text': 'Nike 3/19/17'}, {'link': 'https://s3-us-west-2.amazonaws.com/media.ucreport.com/videos/Kenyon_GreenF50.mp4', 'text': 'F50 1/4/18'}, {'link': 'https://s3-us-west-2.amazonaws.com/media.ucreport.com/videos/Kenyon_GreenHOU.mp4', 'text': 'UA Houston 4/15/18'}]",http://www.hudl.com/athlete/3750927/kenyon-green,"Alabama, Arkansas, Baylor, Colorado, Florida, Florida State, Georgia, Houston, Louisiana State, Michigan, Mississippi, Mississippi State, Nebraska, Notre Dame, Oklahoma, Oklahoma State, Oregon, Tcu, Tennessee, Texas, Texas A&M, Texas State, Ucla",Texas A&M,,Kenyon Green,2022,1,15,Houston Texans,G,Texas A&M
85030639,2017,Group of 5,,Johnson,Zion,Riverdale Baptist High School,,Upper Marlboro,MD,Prince George's,OT,OG,76.0,250,,,,,,,,,,,,,2021-01-24T03:11:32Z,Ceasar Nettles,,[],https://www.hudl.com/profile/5602391/Zion-Johnson,,,,Zion Johnson,2022,1,17,Los Angeles Chargers,G,Boston College
85002500,2019,Power 5,0.7079254079254079,Smith,Tyler,Salem High School,Chattanooga,Conyer,GA,Rockdale,WR,WR,72.0,176,74.0,4.759,4.458,34.6,,,,109.0,,,,,2023-12-07T17:59:28.249Z,Jarrett Laws,https://s3-us-west-2.amazonaws.com/media.ucreport.com/headshots/Tyler_SmithSalem.jpg,"[{'text': 'UA ATL 4/22/18', 'link': 'https://s3-us-west-2.amazonaws.com/media.ucreport.com/videos/Tyler_SmithSalem.mp4'}, {'text': 'ATL Testing 4/22/18', 'link': 'https://s3-us-west-2.amazonaws.com/media.ucreport.com/videos/Tyler_SmithTEST.mp4'}]",http://www.hudl.com/profile/6061494/tyler-smoke-smith,"App State, Ball State, Bowling Green, Coastal Carolina, Florida Atlantic, Florida International, Georgia Southern, Marshall, Miami (Oh), South Carolina, South Florida, Troy, Tulane, UAB, Western Kentucky",,"{'text': '', 'link': ''}",Tyler Smith,2022,1,24,Dallas Cowboys,T,Tulsa
85030739,2017,Power 5,0.37783171521035597,Smith,Lecitus,Fitzgerald High School,,Fitzgerald,GA,Ben Hill,TE,TE,75.0,253,,5.25,4.8,26.3,,,,,,,,,2021-01-25T22:57:00Z,Tucker Pruitt,,[],https://www.hudl.com/profile/4805757/Lecitus-Smith,", Arkansas, Cincinnati, Georgia State, South Florida",Virginia Tech,,Lecitus Smith,2022,6*,215,Arizona Cardinals,G,Virginia Tech
85030898,2018,Power 5,0.9581497797356828,Walker,Rasheed,North Point High School,,Waldorf,MD,Charles,OT,OT,78.0,295,,5.35,4.83,24.9,,,,,,,,,2021-02-04T23:57:25Z,Thomas Petre,,[],https://www.hudl.com/profile/4530899/Rasheed-Walker,"Arizona State, Michigan, Minnesota, Notre Dame, Southern California",Penn State,,Rasheed Walker,2022,7,249,Green Bay Packers,T,Penn State
85002541,2020,Elite Power 5,0.9625550660792952,Johnson Jr.,Paris,Princeton High School,,Cincinnati,OH,Hamilton,OT,OT,79.0,290,84.5,5.07,4.53,32.5,,,,,,,,,2022-09-07T13:17:13Z,Mike Daniels,https://s3-us-west-2.amazonaws.com/media.ucreport.com/headshots/Paris_JohnsonJr.JPG,"[{'link': 'https://s3-us-west-2.amazonaws.com/media.ucreport.com/videos/Paris_JohnsonJrNike..mp4', 'text': 'Nike Tenn 5/19/19'}]",https://www.hudl.com/profile/8003056/Paris-Johnson-Jr,"Alabama, Arizona State, Arkansas, Auburn, Bowling Green, Cal, Cincinnati, Clemson, Colorado, Duke, Florida, Florida State, Georgia, Georgia Tech, Indiana, Iowa State, Kentucky, Louisiana State, Louisville, Maryland, Miami (Fl), Miami (Oh), Michigan, Michigan State, Minnesota, Mississippi, Nebraska, North Carolina, Northwestern, Notre Dame, Ohio, Ohio State, Oklahoma, Oregon, Penn State, Pittsburgh, Rutgers, South Carolina, Southern California, Stanford, Tennessee, Texas, Texas A&M, Toledo, Ucla, Vanderbilt, Virginia, Wake Forest",Ohio State,,Paris Johnson Jr.,2023,1,6,Arizona Cardinals,T,Ohio State
85005847,2020,Elite Power 5,0.8898678414096917,Jones,Broderick,Lithonia High School,,Lithonia,GA,Dekalb,OT,OT,78.0,300,84.25,5.503,5.374,21.0,,,,,,,,,2023-02-23T21:05:28Z,Marcus Jelks,https://s3-us-west-2.amazonaws.com/media.ucreport.com/headshots/Broderick_Jones.jpg,"[{'link': 'https://s3-us-west-2.amazonaws.com/media.ucreport.com/videos/Broderick_Jones.mp4', 'text': 'UA ATL 4/22/18'}, {'link': 'https://s3-us-west-2.amazonaws.com/media.ucreport.com/videos/Broderick_JonesTEST.mp4', 'text': 'ATL Testing 4/22/18'}, {'link': 'https://s3-us-west-2.amazonaws.com/media.ucreport.com/videos/Broderick_JonesF50.mp4', 'text': 'F50 1/3/2019'}]",https://www.hudl.com/profile/8638687/Broderick-Jones,"Alabama, Arkansas, Auburn, Georgia, Illinois, Maryland, Tennessee",Georgia,,Broderick Jones,2023,1,14,Pittsburgh Steelers,T,Georgia
85010227,2019,Power 5,,Jones,Dawand,Ben Davis High School,,Indianapolis,IN,Marion,OT,OT,80.0,320,,,,,,,,,,,,,2023-02-23T21:11:18Z,Jason Simmons,https://s3-us-west-2.amazonaws.com/media.ucreport.com/headshots/Dawand_Jones.jpg,[],https://www.hudl.com/profile/7348711/Dawand-Jones,"Ball State, Cincinnati, Indiana, Kent State, Mississippi State, Southern California",,,Dawand Jones,2023,4,111,Cleveland Browns,T,Ohio State
85006577,2019,Power 5,0.8180555555555555,Robinson,Layden,Manvel High School,,Manvel,TX,Brazoria,OT,OG,75.0,300,,5.9,5.12,21.4,,,,,,,,,2022-09-07T18:17:02Z,Kevin Hall,https://s3-us-west-2.amazonaws.com/media.ucreport.com/headshots/Layden_Robinson.jpg,"[{'link': 'https://s3-us-west-2.amazonaws.com/media.ucreport.com/videos/Layden_Robinson.mp4', 'text': 'UA Houston 4/15/18'}]",https://www.hudl.com/profile/9841970/Layden-Robinson/highlights,", Alcorn State, Colorado State, Houston, Howard, Kansas, Louisiana Lafayette, Louisiana Tech, Memphis, Nebraska, North Texas, Northwestern State, Pittsburgh, South Alabama, Southern, Southern Miss, Syracuse, Texas A&M, Texas El Paso, Texas San Antonio, Tulane",Texas A&M,,Layden Robinson,2024,4,103,New England Patriots,G,Texas A&M
85024061,2021,Power 5,,Jones,Christian,San Luis Obispo High School,,San Luis Obispo,CA,San Luis Obispo,OT,OT,80.0,320,,,,,,,,,,,,,2020-07-24T19:04:14Z,Patrick Johnson,https://s3-us-west-2.amazonaws.com/media.ucreport.com/headshots/Christian_JonesCA.png,[],https://www.hudl.com/profile/9528573/Christian-Jones,"San Diego, San Diego State, San Jose State",San Diego State,,Christian Jones,2024,5,162,Arizona Cardinals,T,Texas
85003979,2021,Power 5,0.98125,Jackson,Donovan,Episcopal High School,,Bellaire,TX,Harris,OT,OG,76.0,308,83.0,5.27,4.63,32.2,,,,,,,625.25,,2022-05-27T17:42:14Z,Steve Leisz,https://s3-us-west-2.amazonaws.com/media.ucreport.com/headshots/Donovan_Jackson.JPG,"[{'link': 'https://s3-us-west-2.amazonaws.com/media.ucreport.com/videos/Donovan_JacksonHOU.mp4', 'text': 'UA Houston 4/15/18'}, {'link': 'https://s3-us-west-2.amazonaws.com/media.ucreport.com/videos/Donovan_JacksonTEST.mp4', 'text': 'UA Houston Testing'}, {'link': 'https://s3-us-west-2.amazonaws.com/media.ucreport.com/videos/Donovan_JacksonHOU19.mp4', 'text': 'UA Houston 2/17/2019'}]",https://www.hudl.com/profile/10015742/Donovan-Jackson,"Alabama, Arkansas, Baylor, Colorado, Duke, Florida, Georgia, Georgia Tech, Houston, Kansas, Louisiana State, Memphis, Michigan, Michigan State, Mississippi State, Nebraska, Northwestern, Notre Dame, Ohio State, Oklahoma, Oklahoma State, Oregon, Smu, Stanford, Syracuse, Tcu, Tennessee, Texas, Texas A&M, Texas Tech, Vanderbilt, Virginia Tech, Wisconsin",Ohio State,,Donovan Jackson,2025,1,24,Minnesota Vikings,G,Ohio State
85025807,2022,Power 5,0.1519823788546255,Jones,Emery,Catholic High School,,Baton Rouge,LA,East Baton Rouge,OT,OT,75.5,330,78.0,6.09,5.78,15.0,,,,75.0,,,,,2021-10-15T18:40:08Z,David Simoneaux,https://s3-us-west-2.amazonaws.com/media.ucreport.com/headshots/Emery_Jones.jpg,"[{'link': 'https://s3-us-west-2.amazonaws.com/media.ucreport.com/videos/Emery_JonesUC.mp4', 'text': 'ESPN MS 6/14/2020'}]",https://www.hudl.com/profile/11404934/Emery-Jones,"Alabama, Arkansas, Auburn, Colorado, Florida, Florida State, Houston, Louisiana Lafayette, Louisiana State, Mississippi, Tennessee, Texas A&M, Tulane, Virginia",Louisiana State,,Emery Jones Jr.,2025,3,91,Baltimore Ravens,T,LSU
85019844,2021,Power 5,,Wilson,Jared,West Forsyth High School,,Clemmons,NC,Forsyth,OT,OG,76.0,335,,,,,,,,,,,,,2020-08-04T11:59:46Z,Adrian Snow,https://s3-us-west-2.amazonaws.com/media.ucreport.com/headshots/Jared_Wilson.jpg,[],https://www.hudl.com/profile/9467090/Jared-Wilson,"Akron, Alabama, Arkansas, Auburn, Charlotte, Clemson, Duke, Florida, Florida State, Georgia, Nc State, North Carolina, Ohio State, South Carolina, Syracuse",Georgia,,Jared Wilson,2025,3,95,New England Patriots,C,Georgia
85014201,2020,Power 5,0.4713656387665198,Taylor,Branson,Elyria Catholic High School,,Elyria,OH,Lorain,OT,OT,77.5,310,81.0,5.59,5.014,18.9,,,,,,,,,2019-08-24T23:00:43Z,Dave Stupka,https://s3-us-west-2.amazonaws.com/media.ucreport.com/headshots/Branson_Taylor.jpg,"[{'link': 'https://s3-us-west-2.amazonaws.com/media.ucreport.com/videos/Branson_TaylorOH.mp4', 'text': 'UA Ohio 4/14/2019'}]",http://www.hudl.com/profile/8206925/Branson-Taylor,"Akron, Ball State, Cincinnati, Indiana, Iowa State, Kansas, Kent State, Kentucky, Louisville, Maryland, Michigan State, Minnesota, Missouri, Pittsburgh, Purdue, Rutgers, Syracuse, Tennessee, Toledo, West Virginia",Pittsburgh,,Branson Taylor,2025,6,199,Los Angeles Chargers,T,Pittsburgh
85017105,2020,Group of 5,,Williams,Cameron,Loganville High School,Georgia State,Loganville,GA,Gwinnett,DE,DE,78.0,233,,,,,,,,,,,,,2022-09-26T19:09:44Z,Mike Humphreys,https://s3-us-west-2.amazonaws.com/media.ucreport.com/headshots/Cameron_WilliamsTROY.jpg,[],https://www.hudl.com/profile/8339034/Cameron-Williams,"Air Force, Troy, Western Kentucky",Michigan State,,Cameron Williams,2025,6,207,Philadelphia Eagles,T,Texas
85008069,2020,Group of 5,,Williams,John,Bolingbrook High School,,Bolingbrook,IL,Will,OT,OT,77.0,300,,,,,,,,,,,,,2019-04-07T23:11:33Z,John Ivlow,https://s3-us-west-2.amazonaws.com/media.ucreport.com/headshots/John_Williams.jpg,[],https://www.hudl.com/profile/10497801/John-Williams,"Cincinnati, Kansas State, Northern Illinois, Temple",Cincinnati,,John Williams,2025,7*,250,Green Bay Packers,G,Cincinnati
